_id,term,sentiment_score,status,ai_updated_at
695381313b178b129082b90c,ê²Œì„,0.367,ai_analyzed,2025-12-31 16:08:23.621000
695381313b178b129082b90d,ìš©ì–´,-0.503,ai_analyzed,2025-12-31 16:08:23.638000
695381313b178b129082b90e,ì€ì–´,-0.804,ai_analyzed,2025-12-31 16:08:23.657000
695381313b178b129082b90f,DLC,-0.668,ai_analyzed,2025-12-31 16:08:23.672000
695381313b178b129082b910,Mode,0.477,ai_analyzed,2025-12-31 16:08:23.689000
695381313b178b129082b911,ê²Œì„ ê°œë°œ,0.038,ai_analyzed,2025-12-31 16:08:23.708000
695381313b178b129082b912,ê²Œì„ ì†ì–´,-0.985,ai_analyzed,2025-12-31 16:08:23.725000
695381313b178b129082b913,ê²Œì„ ì ìˆ˜,-0.897,ai_analyzed,2025-12-31 16:08:23.739000
695381313b178b129082b914,ê²Œì„ í´ë¦¬ì…°,-0.994,ai_analyzed,2025-12-31 16:08:23.754000
695381313b178b129082b915,ê²Œì„ í”Œë ˆì´,0.579,ai_analyzed,2025-12-31 16:08:23.768000
695381313b178b129082b916,ê²Œì„ë³„ ìš©ì–´,-0.878,ai_analyzed,2025-12-31 16:08:23.782000
695381313b178b129082b917,ê³µëµ,-0.078,ai_analyzed,2025-12-31 16:08:23.799000
695381313b178b129082b918,ë‚œì´ë„,-0.983,ai_analyzed,2025-12-31 16:08:23.818000
695381313b178b129082b919,ëŒ€ì „ ê²©íˆ¬ ê²Œì„ ìš©ì–´,-0.95,ai_analyzed,2025-12-31 16:08:23.837000
695381313b178b129082b91a,ë”ë¯¸ ë°ì´í„°,-0.992,ai_analyzed,2025-12-31 16:08:23.859000
695381313b178b129082b91b,ë¦¬ë“¬ ê²Œì„ ìš©ì–´,-0.594,ai_analyzed,2025-12-31 16:08:23.879000
695381313b178b129082b91c,ë©€í‹°í”Œë ˆì´,-0.213,ai_analyzed,2025-12-31 16:08:23.899000
695381313b178b129082b91d,ëª¹,-0.89,ai_analyzed,2025-12-31 16:08:23.919000
695381313b178b129082b91e,ë°°í‹€ íŒ¨ìŠ¤,-0.725,ai_analyzed,2025-12-31 16:08:23.942000
695381313b178b129082b91f,ë³´ë“œê²Œì„ ìš©ì–´,-0.601,ai_analyzed,2025-12-31 16:08:23.961000
695381313b178b129082b920,ë³´ìŠ¤(ê²Œì„),0.026,ai_analyzed,2025-12-31 16:08:23.980000
695381313b178b129082b921,ì„œë¸Œì»¬ì²˜ ê²Œì„ ìš©ì–´,-0.711,ai_analyzed,2025-12-31 16:08:24.001000
695381313b178b129082b922,ì•„ì´í…œ,0.692,ai_analyzed,2025-12-31 16:08:24.027000
695381313b178b129082b923,ì•„ì¼€ì´ë“œ ì‹œìŠ¤í…œ,-0.64,ai_analyzed,2025-12-31 16:08:24.050000
695381313b178b129082b924,ì´ìŠ¤í„° ì—ê·¸,-0.921,ai_analyzed,2025-12-31 16:08:24.068000
695381313b178b129082b925,ì¹´ë“œ ì…”í”Œ,0.622,ai_analyzed,2025-12-31 16:08:24.091000
695381313b178b129082b926,í€˜ìŠ¤íŠ¸,-0.095,ai_analyzed,2025-12-31 16:08:24.107000
695381313b178b129082b927,íƒ€ì›Œ,0.436,ai_analyzed,2025-12-31 16:08:24.125000
695381313b178b129082b928,í”Œë ˆì´ì–´,-0.793,ai_analyzed,2025-12-31 16:08:24.144000
695381313b178b129082b929,í•©íŒ©,-0.646,ai_analyzed,2025-12-31 16:08:24.163000
695381313b178b129082b92a,1UP,-0.932,ai_analyzed,2025-12-31 16:08:24.181000
695381313b178b129082b92b,1ì¸ì¹­,-0.658,ai_analyzed,2025-12-31 16:08:24.197000
695381313b178b129082b92c,3D ë©€ë¯¸,-0.993,ai_analyzed,2025-12-31 16:08:24.212000
695381313b178b129082b92d,3ì¸ì¹­,-0.191,ai_analyzed,2025-12-31 16:08:24.225000
695381313b178b129082b92e,4ì°¨ì›(ê²Œì„ ìš©ì–´),-0.983,ai_analyzed,2025-12-31 16:08:24.239000
695381313b178b129082b92f,AAA ê²Œì„,-0.83,ai_analyzed,2025-12-31 16:08:24.251000
695381313b178b129082b930,AOS(ì¥ë¥´)/ìš©ì–´,-0.892,ai_analyzed,2025-12-31 16:08:24.271000
695381313b178b129082b931,CBT,0.834,ai_analyzed,2025-12-31 16:08:24.285000
695381313b178b129082b932,CP(í™•ì‚°ì„± ë°€ë¦¬ì–¸ì•„ì„œ),-0.899,ai_analyzed,2025-12-31 16:08:24.302000
695381313b178b129082b933,Clipping Zone,-0.738,ai_analyzed,2025-12-31 16:08:24.322000
695381313b178b129082b934,DOT(ê²Œì„ ìš©ì–´),0.126,ai_analyzed,2025-12-31 16:08:24.338000
695381313b178b129082b935,DPS,0.927,ai_analyzed,2025-12-31 16:08:24.356000
695381313b178b129082b936,GIBUS,0.487,ai_analyzed,2025-12-31 16:08:24.372000
695381313b178b129082b937,Game Over Rape,0.409,ai_analyzed,2025-12-31 16:08:24.392000
695381313b178b129082b938,gosu,-0.009,ai_analyzed,2025-12-31 16:08:24.412000
695381313b178b129082b939,HAC,0.713,ai_analyzed,2025-12-31 16:08:24.428000
695381313b178b129082b93a,HP,0.42,ai_analyzed,2025-12-31 16:08:24.447000
695381313b178b129082b93b,INSERT COIN,-0.297,ai_analyzed,2025-12-31 16:08:24.472000
695381313b178b129082b93c,Kí•™êµì „!/ì—…ë°ì´íŠ¸,-0.467,ai_analyzed,2025-12-31 16:08:24.493000
695381313b178b129082b93d,Linux ê²Œì´ë°,-0.487,ai_analyzed,2025-12-31 16:08:24.512000
695381313b178b129082b93e,MMR,-0.101,ai_analyzed,2025-12-31 16:08:24.531000
695381313b178b129082b93f,Mac ê²Œì´ë°,-0.484,ai_analyzed,2025-12-31 16:08:24.551000
695381313b178b129082b940,Missing Texture,-0.876,ai_analyzed,2025-12-31 16:08:24.568000
695381313b178b129082b941,NPC,-0.523,ai_analyzed,2025-12-31 16:08:24.588000
695381313b178b129082b942,NPC ì‚´í•´,-0.991,ai_analyzed,2025-12-31 16:08:24.606000
695381313b178b129082b943,Ninja,-0.814,ai_analyzed,2025-12-31 16:08:24.626000
695381313b178b129082b944,OP,-0.971,ai_analyzed,2025-12-31 16:08:24.643000
695381313b178b129082b945,out of bounds,-0.979,ai_analyzed,2025-12-31 16:08:24.663000
695381313b178b129082b946,PC ê²Œì´ë°,-0.59,ai_analyzed,2025-12-31 16:08:24.682000
695381313b178b129082b947,PK(ê²Œì„ ìš©ì–´),-0.455,ai_analyzed,2025-12-31 16:08:24.702000
695381313b178b129082b948,POI,-0.376,ai_analyzed,2025-12-31 16:08:24.720000
695381313b178b129082b949,PPP,-0.206,ai_analyzed,2025-12-31 16:08:24.740000
695381313b178b129082b94a,Play to Earn,0.968,ai_analyzed,2025-12-31 16:08:24.755000
695381313b178b129082b94b,QTE,-0.809,ai_analyzed,2025-12-31 16:08:24.768000
695381313b178b129082b94c,RNG,-0.834,ai_analyzed,2025-12-31 16:08:24.787000
695381313b178b129082b94d,RTS/ìƒì‚°,0.729,ai_analyzed,2025-12-31 16:08:24.807000
695381313b178b129082b94e,TAS(ìŠˆíŒ… ê²Œì„),-0.077,ai_analyzed,2025-12-31 16:08:24.826000
695381313b178b129082b94f,TC,0.108,ai_analyzed,2025-12-31 16:08:24.842000
695381313b178b129082b950,TTK,-0.645,ai_analyzed,2025-12-31 16:08:24.861000
695381313b178b129082b951,Task Over,-0.978,ai_analyzed,2025-12-31 16:08:24.879000
695381313b178b129082b952,Testicle Shot,-0.889,ai_analyzed,2025-12-31 16:08:24.898000
695381313b178b129082b953,Theorycraft,0.99,ai_analyzed,2025-12-31 16:08:24.918000
695381313b178b129082b954,WASD,0.988,ai_analyzed,2025-12-31 16:08:24.937000
695381313b178b129082b955,Wombo Combo,0.98,ai_analyzed,2025-12-31 16:08:24.956000
695381313b178b129082b956,Wrecked(ê²Œì„ ìš©ì–´),-0.735,ai_analyzed,2025-12-31 16:08:24.972000
695381313b178b129082b957,eBayer,0.995,ai_analyzed,2025-12-31 16:08:24.988000
695381313b178b129082b958,ã‚ã‚ã‚ã‚,0.826,ai_analyzed,2025-12-31 16:08:25
695381313b178b129082b959,ê°€ìƒí•­ê³µì‚¬,-0.754,ai_analyzed,2025-12-31 16:08:25.017000
695381313b178b129082b95a,ê°€ìƒíšŒì‚¬,-0.878,ai_analyzed,2025-12-31 16:08:25.035000
695381313b178b129082b95b,ê°í­,-0.867,ai_analyzed,2025-12-31 16:08:25.052000
695381313b178b129082b95c,ê°„ê²© ë²Œë¦¬ê¸°,-0.974,ai_analyzed,2025-12-31 16:08:25.066000
695381313b178b129082b95d,ê°„íŒê¸°,0.827,ai_analyzed,2025-12-31 16:08:25.084000
695381313b178b129082b95e,ê°ì—¼ë¬¼,-0.664,ai_analyzed,2025-12-31 16:08:25.101000
695381313b178b129082b95f,ê°“ê²œ,-0.962,ai_analyzed,2025-12-31 16:08:25.119000
695381313b178b129082b960,ê°•í™”(ê²Œì„ ìš©ì–´),-0.792,ai_analyzed,2025-12-31 16:08:25.132000
695381313b178b129082b961,ê°œëŒ,-0.991,ai_analyzed,2025-12-31 16:08:25.148000
695381313b178b129082b962,ê°œì˜í•µ,-0.956,ai_analyzed,2025-12-31 16:08:25.164000
695381313b178b129082b963,ê°œì¡° ë¡¬,-0.988,ai_analyzed,2025-12-31 16:08:25.182000
695381313b178b129082b964,ê±°ëŒ€ ëª¨ë“œ,-0.958,ai_analyzed,2025-12-31 16:08:25.194000
695381313b178b129082b965,ê±°ì ë³‘ì¥,0.214,ai_analyzed,2025-12-31 16:08:25.210000
695381313b178b129082b966,ê±°ì§€ëŸ°,-0.968,ai_analyzed,2025-12-31 16:08:25.227000
695381313b178b129082b967,ê±¸ì–´ë‹¤ë‹ˆëŠ” ë³´ë„ˆìŠ¤,-0.98,ai_analyzed,2025-12-31 16:08:25.241000
695381313b178b129082b968,ê²€ë°©ì „ì‚¬,0.768,ai_analyzed,2025-12-31 16:08:25.256000
695381313b178b129082b969,ê²Œì„ ë¶ˆê°ì¦,-0.984,ai_analyzed,2025-12-31 16:08:25.274000
695381313b178b129082b96a,ê²Œì„ í™”í,-0.824,ai_analyzed,2025-12-31 16:08:25.290000
695381313b178b129082b96b,ê²Œì„ì„±,-0.721,ai_analyzed,2025-12-31 16:08:25.306000
695381313b178b129082b96c,ê²Œì„ì  í—ˆìš©,-0.958,ai_analyzed,2025-12-31 16:08:25.323000
695381313b178b129082b96d,ê²Œì„íŒ,-0.367,ai_analyzed,2025-12-31 16:08:25.340000
695381313b178b129082b96e,ê²Œì„í™”,0.801,ai_analyzed,2025-12-31 16:08:25.353000
695381313b178b129082b96f,ê²½í—˜ì¹˜ì±…,-0.76,ai_analyzed,2025-12-31 16:08:25.365000
695381313b178b129082b970,ê³„ì • ì •ì§€,-0.99,ai_analyzed,2025-12-31 16:08:25.380000
695381313b178b129082b971,ê³ ìˆ˜,0.983,ai_analyzed,2025-12-31 16:08:25.399000
695381313b178b129082b972,ê³ ì˜ë¯¸ìŠ¤,-0.996,ai_analyzed,2025-12-31 16:08:25.415000
695381313b178b129082b973,ê³ ì¸,-0.078,ai_analyzed,2025-12-31 16:08:25.428000
695381313b178b129082b974,ê³ ì ,0.815,ai_analyzed,2025-12-31 16:08:25.445000
695381313b178b129082b975,ê³ ì • í”¼í•´,-0.767,ai_analyzed,2025-12-31 16:08:25.462000
695381313b178b129082b976,ê³¨ì½˜ë‹¤,-0.71,ai_analyzed,2025-12-31 16:08:25.475000
695381313b178b129082b977,ê³µê²©ë ¥,0.306,ai_analyzed,2025-12-31 16:08:25.492000
695381313b178b129082b978,ê³µê²©ì†ë„,-0.459,ai_analyzed,2025-12-31 16:08:25.508000
695381313b178b129082b979,ê³µêµ´ë¦¬ê¸° ìš´ì˜,-0.996,ai_analyzed,2025-12-31 16:08:25.522000
695381313b178b129082b97a,ê³µëµíŒŒ,-0.0,ai_analyzed,2025-12-31 16:08:25.540000
695381313b178b129082b97b,ê³µì—…,0.854,ai_analyzed,2025-12-31 16:08:25.556000
695381313b178b129082b97c,ê³µì œ,-0.85,ai_analyzed,2025-12-31 16:08:25.570000
695381313b178b129082b97d,ê³µíŒŸ,-0.329,ai_analyzed,2025-12-31 16:08:25.585000
695381313b178b129082b97e,ê´€ê´‘(ê²Œì„ ìš©ì–´),-0.765,ai_analyzed,2025-12-31 16:08:25.602000
695381313b178b129082b97f,ê´‘ì—­ ê¸°ìˆ ,0.888,ai_analyzed,2025-12-31 16:08:25.619000
695381313b178b129082b980,ê´‘í­í™”,0.619,ai_analyzed,2025-12-31 16:08:25.635000
695381313b178b129082b981,êµë³µë©”íƒ€,0.919,ai_analyzed,2025-12-31 16:08:25.653000
695381313b178b129082b982,êµ­ë¯¼ë§µ,0.994,ai_analyzed,2025-12-31 16:08:25.669000
695381313b178b129082b983,êµ°ì¤‘ì œì–´ê¸°,-0.985,ai_analyzed,2025-12-31 16:08:25.686000
695381313b178b129082b984,ê¶ê·¹ê¸°,0.701,ai_analyzed,2025-12-31 16:08:25.703000
695381313b178b129082b985,ê·€ë§µ,-0.921,ai_analyzed,2025-12-31 16:08:25.721000
695381313b178b129082b986,ê·€ì†,-0.912,ai_analyzed,2025-12-31 16:08:25.736000
695381313b178b129082b987,ê·“ì†ë§,-0.924,ai_analyzed,2025-12-31 16:08:25.753000
695381313b178b129082b988,ê·¸ ì§ì—…,-0.371,ai_analyzed,2025-12-31 16:08:25.768000
695381313b178b129082b989,ê·¸ëœë“œ ì—”ë“œ,0.974,ai_analyzed,2025-12-31 16:08:25.784000
695381313b178b129082b98a,ê·¸ë¦¬í•‘,0.657,ai_analyzed,2025-12-31 16:08:25.800000
695381313b178b129082b98b,ê²Œì„ ì‹œì ,-0.689,ai_analyzed,2025-12-31 16:08:25.814000
695381313b178b129082b98c,ë¹„ë””ì˜¤ ê²Œì„ ìš©ì–´,-0.804,ai_analyzed,2025-12-31 16:08:25.830000
695381313b178b129082b98d,ìŠ¤íƒ¯,0.21,ai_analyzed,2025-12-31 16:08:25.847000
695381313b178b129082b98e,í•˜ì´ìŠ¤ì½”ì–´,0.984,ai_analyzed,2025-12-31 16:08:25.864000
69538a51a507d8787b04b369,ğŸ® ë¹„ë””ì˜¤ ê²Œì„ ìš©ì–´,-0.368,ai_analyzed,2025-12-31 16:08:25.883000
69538a51a507d8787b04b36a,ê°„ê²© ë²Œë¦¬ê¸°(ì¹´ì´íŒ…),-0.983,ai_analyzed,2025-12-31 16:08:25.901000
69538a51a507d8787b04b36b,ë©”ì¦ˆ,-0.976,ai_analyzed,2025-12-31 16:08:25.918000
69538a51a507d8787b04b36c,ì „ì²´íŒì •ê¸°,-0.22,ai_analyzed,2025-12-31 16:08:25.932000
69538a51a507d8787b04b36d,ê·¹ë”œ,-0.967,ai_analyzed,2025-12-31 16:08:25.948000
69538a51a507d8787b04b36e,ê¿ˆì˜ í”Œë ˆì´,0.997,ai_analyzed,2025-12-31 16:08:25.966000
69538a51a507d8787b04b36f,ë‚œìˆ˜ì¡°ì ˆ,-0.958,ai_analyzed,2025-12-31 16:08:25.983000
69538a51a507d8787b04b370,ë„ˆí”„,-0.986,ai_analyzed,2025-12-31 16:08:25.997000
69538a51a507d8787b04b371,ë…¸ë‹¤ì´ í´ë¦¬ì–´,-0.312,ai_analyzed,2025-12-31 16:08:26.016000
69538a51a507d8787b04b372,ë„·ì½”ë“œ,-0.967,ai_analyzed,2025-12-31 16:08:26.033000
69538a51a507d8787b04b373,ë”ë¸” í”Œë ˆì´,0.422,ai_analyzed,2025-12-31 16:08:26.051000
69538a51a507d8787b04b374,ëœë¤ ì¸ì¹´ìš´í„°,-0.981,ai_analyzed,2025-12-31 16:08:26.067000
69538a51a507d8787b04b375,ë­í¬,-0.696,ai_analyzed,2025-12-31 16:08:26.083000
69538a51a507d8787b04b376,ë§‰ì¥ í”Œë ˆì´,-0.99,ai_analyzed,2025-12-31 16:08:26.100000
69538a51a507d8787b04b377,ë¯¸ëŸ¬ì „,-0.82,ai_analyzed,2025-12-31 16:08:26.118000
69538a51a507d8787b04b378,ë²„í”„,0.863,ai_analyzed,2025-12-31 16:08:26.133000
69538a51a507d8787b04b379,ë³´ìŠ¤ ëŸ¬ì‹œ,-0.92,ai_analyzed,2025-12-31 16:08:26.147000
69538a51a507d8787b04b37a,ë³¸ê³„ì •,-0.401,ai_analyzed,2025-12-31 16:08:26.162000
69538a51a507d8787b04b37b,ë¶€ê³„ì •,-0.983,ai_analyzed,2025-12-31 16:08:26.179000
69538a51a507d8787b04b37c,ë¶€ìœ„íŒŒê´´,-0.814,ai_analyzed,2025-12-31 16:08:26.195000
69538a51a507d8787b04b37d,ë¶„ë…¸ íŒ¨í„´,-0.942,ai_analyzed,2025-12-31 16:08:26.211000
69538a51a507d8787b04b37e,ë¸”ë§í¬,0.965,ai_analyzed,2025-12-31 16:08:26.227000
69538a51a507d8787b04b37f,ìŠˆí¼ ì•„ë¨¸,-0.437,ai_analyzed,2025-12-31 16:08:26.245000
69538a51a507d8787b04b380,ìŠ¤í‚¨,-0.6,ai_analyzed,2025-12-31 16:08:26.261000
69538a51a507d8787b04b381,ìŠ¤í”Œë˜ì‹œ ë°ë¯¸ì§€,-0.938,ai_analyzed,2025-12-31 16:08:26.278000
69538a51a507d8787b04b382,ìŠ¤íŒ¸,-0.983,ai_analyzed,2025-12-31 16:08:26.295000
69538a51a507d8787b04b383,ì‹œì²´ í›¼ì†,-0.877,ai_analyzed,2025-12-31 16:08:26.311000
69538a51a507d8787b04b384,í‹°ë°°ê¹…,-0.71,ai_analyzed,2025-12-31 16:08:26.328000
69538a51a507d8787b04b385,ì–´ê·¸ë¡œ,0.059,ai_analyzed,2025-12-31 16:08:26.341000
69538a51a507d8787b04b386,ì—”ë“œ ì½˜í…ì¸ ,-0.809,ai_analyzed,2025-12-31 16:08:26.354000
69538a51a507d8787b04b387,ì¡ëª¹,-0.976,ai_analyzed,2025-12-31 16:08:26.370000
69538a51a507d8787b04b388,ìì½”,-0.876,ai_analyzed,2025-12-31 16:08:26.383000
69538a51a507d8787b04b389,ì¤‘ë³µ ëª¨ì…˜,-0.971,ai_analyzed,2025-12-31 16:08:26.395000
69538a51a507d8787b04b38a,ì¦‰ì‚¬ê¸°,-0.909,ai_analyzed,2025-12-31 16:08:26.408000
69538a51a507d8787b04b38b,ìº í•‘,0.751,ai_analyzed,2025-12-31 16:08:26.422000
69538a51a507d8787b04b38c,ì°¨ì§€ìƒ·,0.364,ai_analyzed,2025-12-31 16:08:26.439000
69538a51a507d8787b04b38d,ì¹˜íŠ¸í‚¤,-0.984,ai_analyzed,2025-12-31 16:08:26.453000
69538a51a507d8787b04b38e,í‹°ë°,-0.356,ai_analyzed,2025-12-31 16:08:26.464000
69538a51a507d8787b04b38f,íŒ€í‚¬,-0.98,ai_analyzed,2025-12-31 16:08:26.478000
69538a51a507d8787b04b390,íŒŒê³ ë“¤ê¸°,0.84,ai_analyzed,2025-12-31 16:08:26.491000
69538a51a507d8787b04b391,íŒŒë°,0.326,ai_analyzed,2025-12-31 16:08:26.508000
69538a51a507d8787b04b392,íŒ”ë ˆíŠ¸ ìŠ¤ì™‘,-0.984,ai_analyzed,2025-12-31 16:08:26.525000
69538a51a507d8787b04b393,í‰íƒ€,0.814,ai_analyzed,2025-12-31 16:08:26.542000
69538a51a507d8787b04b394,í”Œë ˆì´ì–´í˜• ë³´ìŠ¤,-0.693,ai_analyzed,2025-12-31 16:08:26.558000
69538a51a507d8787b04b395,í”Œë ˆì´ì–´í˜• ì¡ëª¹,-0.983,ai_analyzed,2025-12-31 16:08:26.576000
69538a51a507d8787b04b396,íŒ¨í„´í™”,-0.878,ai_analyzed,2025-12-31 16:08:26.591000
69538a51a507d8787b04b397,ìŠ¤í‚µ,-0.993,ai_analyzed,2025-12-31 16:08:26.603000
69538a51a507d8787b04b398,íŒ¨í„´ ìŠ¤í‚µ,-0.996,ai_analyzed,2025-12-31 16:08:26.620000
69538a51a507d8787b04b399,íˆíŠ¸ë°•ìŠ¤,0.797,ai_analyzed,2025-12-31 16:08:26.637000
69538a51a507d8787b04b39a,íˆíŠ¸ìŠ¤ìº”,-0.857,ai_analyzed,2025-12-31 16:08:26.652000
69538a51a507d8787b04b39b,íšŒì°¨ í”Œë ˆì´,-0.82,ai_analyzed,2025-12-31 16:08:26.670000
69538a51a507d8787b04b39c,CPU ë³´ì •,-0.914,ai_analyzed,2025-12-31 16:08:26.687000
69538a51a507d8787b04b39d,1ë¼ìš´ë“œ ë³´ìŠ¤,-0.707,ai_analyzed,2025-12-31 16:08:26.704000
69538a51a507d8787b04b39e,í‹€:ê²Œì„ ì‹œì ,-0.805,ai_analyzed,2025-12-31 16:08:26.720000
69538a51a507d8787b04b39f,ìŠ¤í”¼ë“œëŸ°,0.431,ai_analyzed,2025-12-31 16:08:26.732000
69538a51a507d8787b04b3a0,Real-Time Speedrun(RTA),-0.726,ai_analyzed,2025-12-31 16:08:26.747000
69538a51a507d8787b04b3a1,Tool-Assisted Speedrun,-0.771,ai_analyzed,2025-12-31 16:08:26.765000
69538a51a507d8787b04b3a2,ë§ˆì¼€íŒ…,-0.571,ai_analyzed,2025-12-31 16:08:26.782000
69538a51a507d8787b04b3a3,ë¶€ë¶„ìœ ë£Œ,-0.996,ai_analyzed,2025-12-31 16:08:26.798000
69538a51a507d8787b04b3a4,ì™„ì „íŒ ìƒìˆ ,-0.996,ai_analyzed,2025-12-31 16:08:26.812000
69538a51a507d8787b04b3a5,ìºì‹œ ì•„ì´í…œ,-0.947,ai_analyzed,2025-12-31 16:08:26.828000
69538a51a507d8787b04b3a6,í•©ë³¸,-0.266,ai_analyzed,2025-12-31 16:08:26.845000
69538a51a507d8787b04b3a7,í™•ì¥íŒ©,0.874,ai_analyzed,2025-12-31 16:08:26.860000
69538a51a507d8787b04b3a8,í™•ë¥ í˜• ì•„ì´í…œ,-0.831,ai_analyzed,2025-12-31 16:08:26.878000
69538a51a507d8787b04b3a9,Pay to Win,-0.32,ai_analyzed,2025-12-31 16:08:26.895000
69538a51a507d8787b04b3aa,1ì¸ì¹­ ìŠˆíŒ… ê²Œì„,-0.596,ai_analyzed,2025-12-31 16:08:26.909000
69538a51a507d8787b04b3ab,3ì¸ì¹­ ìŠˆíŒ… ê²Œì„,-0.801,ai_analyzed,2025-12-31 16:08:26.925000
69538a51a507d8787b04b3ac,ë¡œì¼“ ì í”„,-0.881,ai_analyzed,2025-12-31 16:08:26.942000
69538a51a507d8787b04b3ad,ë²„ë‹ˆí•©,0.952,ai_analyzed,2025-12-31 16:08:26.962000
69538a51a507d8787b04b3ae,ë² ì´ìŠ¤ë ˆì´í”„,0.993,ai_analyzed,2025-12-31 16:08:26.978000
69538a51a507d8787b04b3af,ìŠ¤í°í‚¬,-0.97,ai_analyzed,2025-12-31 16:08:26.992000
69538a51a507d8787b04b3b0,í€µ ìŠ¤ì½”í”„,-0.723,ai_analyzed,2025-12-31 16:08:27.009000
69538a51a507d8787b04b3b1,ë˜¥ì‹¸ê°œ,-0.991,ai_analyzed,2025-12-31 16:08:27.027000
69538a51a507d8787b04b3b2,í‚¬ë”¸,-0.353,ai_analyzed,2025-12-31 16:08:27.041000
69538a51a507d8787b04b3b3,í‚¬ìŠ¤íŠ¸ë¦­,0.934,ai_analyzed,2025-12-31 16:08:27.057000
69538a51a507d8787b04b3b4,ìŠ¬ë¼ì´ë”©,-0.95,ai_analyzed,2025-12-31 16:08:27.074000
69538a51a507d8787b04b3b5,ì¢…Â·íš¡ìŠ¤í¬ë¡¤ ìŠˆíŒ… ê²Œì„,-0.41,ai_analyzed,2025-12-31 16:08:27.092000
69538a51a507d8787b04b3b6,ê¸°í•©íšŒí”¼,-0.992,ai_analyzed,2025-12-31 16:08:27.109000
69538a51a507d8787b04b3b7,ë…¸ë´„ë°œì•…,-0.994,ai_analyzed,2025-12-31 16:08:27.123000
69538a51a507d8787b04b3b8,ë°˜ê²©íƒ„,-0.699,ai_analyzed,2025-12-31 16:08:27.141000
69538a51a507d8787b04b3b9,ë°©ì–´ë§‰ ì‹œìŠ¤í…œ,-0.95,ai_analyzed,2025-12-31 16:08:27.157000
69538a51a507d8787b04b3ba,ë´„ ë°°ë¦¬ì–´,0.983,ai_analyzed,2025-12-31 16:08:27.174000
69538a51a507d8787b04b3bb,ì‹œëˆ„ê°€ìš”ì´,0.717,ai_analyzed,2025-12-31 16:08:27.189000
69538a51a507d8787b04b3bc,ì•ˆì „ì§€ëŒ€,-0.567,ai_analyzed,2025-12-31 16:08:27.202000
69538a51a507d8787b04b3bd,ì…ìŠˆíŒ…,-0.467,ai_analyzed,2025-12-31 16:08:27.217000
69538a51a507d8787b04b3be,ì™€ì¸ë”,0.917,ai_analyzed,2025-12-31 16:08:27.232000
69538a51a507d8787b04b3bf,ìœ„í—˜í–‰ìœ„ê¶Œì¥ ìŠˆíŒ…ê²Œì„,-0.978,ai_analyzed,2025-12-31 16:08:27.250000
69538a51a507d8787b04b3c0,ì²˜ë¦¬ì§€ì—°,-0.995,ai_analyzed,2025-12-31 16:08:27.266000
69538a51a507d8787b04b3c1,íƒ„ë§‰ ê²Œì„,-0.926,ai_analyzed,2025-12-31 16:08:27.283000
69538a51a507d8787b04b3c2,í­íƒ„,0.698,ai_analyzed,2025-12-31 16:08:27.300000
69538a51a507d8787b04b3c3,í”¼íƒ„ íŒì •,-0.962,ai_analyzed,2025-12-31 16:08:27.316000
69538a51a507d8787b04b3c4,CAVE 5ëŒ€ì²œì™•,0.927,ai_analyzed,2025-12-31 16:08:27.334000
69538a51a507d8787b04b3c5,ì•„ì¼€ì´ë“œ ê²Œì„,-0.548,ai_analyzed,2025-12-31 16:08:27.349000
69538a51a507d8787b04b3c6,í”Œë«í¼ ê²Œì„,0.913,ai_analyzed,2025-12-31 16:08:27.363000
69538a51a507d8787b04b3c7,ë…¸ë¯¸ìŠ¤ í´ë¦¬ì–´,-0.978,ai_analyzed,2025-12-31 16:08:27.377000
69538a51a507d8787b04b3c8,ì›ì½”ì¸ í´ë¦¬ì–´,0.925,ai_analyzed,2025-12-31 16:08:27.394000
69538a51a507d8787b04b3c9,ë³´ìŠ¤ ì¬ìƒì‹¤,-0.979,ai_analyzed,2025-12-31 16:08:27.411000
69538a51a507d8787b04b3ca,ì”ê¸°,-0.898,ai_analyzed,2025-12-31 16:08:27.427000
69538a51a507d8787b04b3cb,ì½”ì¸ ëŸ¬ì‹œ,-0.975,ai_analyzed,2025-12-31 16:08:27.441000
69538a51a507d8787b04b3cc,ìŠ¤ì½”ì–´ë§,0.407,ai_analyzed,2025-12-31 16:08:27.458000
69538a51a507d8787b04b3cd,ë¶ˆë¦¬ê¸°,0.907,ai_analyzed,2025-12-31 16:08:27.475000
69538a51a507d8787b04b3ce,ì„ì‚¬,-0.197,ai_analyzed,2025-12-31 16:08:27.492000
69538a51a507d8787b04b3cf,í‹€:í•˜ì´ìŠ¤ì½”ì–´,0.962,ai_analyzed,2025-12-31 16:08:27.510000
69538a51a507d8787b04b3d0,ì‹¤ì‹œê°„ ì „ëµ ê²Œì„,-0.916,ai_analyzed,2025-12-31 16:08:27.527000
69538a51a507d8787b04b3d1,ë°ìŠ¤ë³¼,-0.874,ai_analyzed,2025-12-31 16:08:27.542000
69538a51a507d8787b04b3d2,ì–´íƒë•…,0.911,ai_analyzed,2025-12-31 16:08:27.560000
69538a51a507d8787b04b3d3,ì…ìŠ¤íƒ€,0.965,ai_analyzed,2025-12-31 16:08:27.578000
69538a51a507d8787b04b3d4,ì¹˜ì¦ˆ ëŸ¬ì‹œ,0.887,ai_analyzed,2025-12-31 16:08:27.595000
69538a51a507d8787b04b3d5,ìº í˜ì¸,0.403,ai_analyzed,2025-12-31 16:08:27.612000
69538a51a507d8787b04b3d6,AOE,-0.479,ai_analyzed,2025-12-31 16:08:27.630000
69538a51a507d8787b04b3d7,í‹€:ì‹¤ì‹œê°„ ì „ëµ ê²Œì„,-0.856,ai_analyzed,2025-12-31 16:08:27.647000
69538a51a507d8787b04b3d8,SRPG,0.966,ai_analyzed,2025-12-31 16:08:27.664000
69538a51a507d8787b04b3d9,ê°ë‚˜ë¹—,-0.324,ai_analyzed,2025-12-31 16:08:27.676000
69538a51a507d8787b04b3da,ë§µë³‘ê¸°,-0.991,ai_analyzed,2025-12-31 16:08:27.694000
69538a51a507d8787b04b3db,ZOC,-0.892,ai_analyzed,2025-12-31 16:08:27.710000
69538a51a507d8787b04b3dc,MMORPG,0.187,ai_analyzed,2025-12-31 16:08:27.723000
69538a51a507d8787b04b3dd,ê¸¸ë“œ,-0.829,ai_analyzed,2025-12-31 16:08:27.740000
69538a51a507d8787b04b3de,ë£¨íŒ…,-0.953,ai_analyzed,2025-12-31 16:08:27.752000
69538a51a507d8787b04b3df,ë¨¹ì,0.759,ai_analyzed,2025-12-31 16:08:27.767000
69538a51a507d8787b04b3e0,íƒ±ì»¤,-0.825,ai_analyzed,2025-12-31 16:08:27.784000
69538a51a507d8787b04b3e1,ë”œëŸ¬,0.903,ai_analyzed,2025-12-31 16:08:27.799000
69538a51a507d8787b04b3e2,íëŸ¬,0.855,ai_analyzed,2025-12-31 16:08:27.814000
69538a51a507d8787b04b3e3,íŒŒí‹°,0.941,ai_analyzed,2025-12-31 16:08:27.829000
69538a51a507d8787b04b3e4,í˜„ì§ˆ,-0.859,ai_analyzed,2025-12-31 16:08:27.845000
69538a51a507d8787b04b3e5,ë¦¬ë“¬ ê²Œì„,0.254,ai_analyzed,2025-12-31 16:08:27.860000
69538a51a507d8787b04b3e6,ë§Œì  í”Œë ˆì´,0.916,ai_analyzed,2025-12-31 16:08:27.876000
69538a51a507d8787b04b3e7,í­ì‚¬,0.184,ai_analyzed,2025-12-31 16:08:27.893000
69538a51a507d8787b04b3e8,í’€ì½¤ë³´,0.978,ai_analyzed,2025-12-31 16:08:27.906000
69538a51a507d8787b04b3e9,ì•¡ì…˜ ê²Œì„,0.706,ai_analyzed,2025-12-31 16:08:27.921000
69538a51a507d8787b04b3ea,ëŒ€ì „ ê²©íˆ¬ ê²Œì„,-0.843,ai_analyzed,2025-12-31 16:08:27.938000
69538a51a507d8787b04b3eb,ê°€ë“œ ë¶ˆëŠ¥,-0.992,ai_analyzed,2025-12-31 16:08:27.954000
69538a51a507d8787b04b3ec,ê°€ë“œ í¬ëŸ¬ì‹œ,-0.967,ai_analyzed,2025-12-31 16:08:27.972000
69538a51a507d8787b04b3ed,ë‹ˆê°€ì™€,-0.915,ai_analyzed,2025-12-31 16:08:27.986000
69538a51a507d8787b04b3ee,íŒŒë™ìŠ¹ë£¡,0.97,ai_analyzed,2025-12-31 16:08:28.004000
69538a51a507d8787b04b3ef,ëŒ€ê¸°êµ°ì¸,-0.966,ai_analyzed,2025-12-31 16:08:28.021000
69538a51a507d8787b04b3f0,ì—´í’ì¹´ì´ì €,0.202,ai_analyzed,2025-12-31 16:08:28.039000
69538a51a507d8787b04b3f1,ë‹¤ë‹¨íˆíŠ¸,0.997,ai_analyzed,2025-12-31 16:08:28.056000
69538a51a507d8787b04b3f2,ëª¨ë¥´ë©´ ë§ì•„ì•¼ì£ ,0.697,ai_analyzed,2025-12-31 16:08:28.072000
69538a51a507d8787b04b3f3,ë¬´í•œ ì½¤ë³´,0.546,ai_analyzed,2025-12-31 16:08:28.090000
69538a51a507d8787b04b3f4,ë°”ìš´ë“œ,-0.979,ai_analyzed,2025-12-31 16:08:28.104000
69538a51a507d8787b04b3f5,ìì„¸ ìºë¦­í„°,-0.556,ai_analyzed,2025-12-31 16:08:28.119000
69538a51a507d8787b04b3f6,ì¡ê¸° ìºë¦­í„°,-0.916,ai_analyzed,2025-12-31 16:08:28.137000
69538a51a507d8787b04b3f7,ì ˆëª…ì½¤ë³´,0.996,ai_analyzed,2025-12-31 16:08:28.156000
69538a51a507d8787b04b3f8,í•„ì‚´ê¸°,-0.106,ai_analyzed,2025-12-31 16:08:28.171000
69538a51a507d8787b04b3f9,ì´ˆí•„ì‚´ê¸°,-0.603,ai_analyzed,2025-12-31 16:08:28.188000
69538a51a507d8787b04b3fa,í•œëŒ€ë§Œ,0.935,ai_analyzed,2025-12-31 16:08:28.203000
69538a51a507d8787b04b3fb,SNK ë³´ìŠ¤ ì‹ ë“œë¡¬,-0.617,ai_analyzed,2025-12-31 16:08:28.221000
69538a51a507d8787b04b3fc,í‹€:ëŒ€ì „ ì•¡ì…˜ ê²Œì„ì˜ ì»¤ë§¨ë“œ ê¸°ìˆ  ë¶„ë¥˜,-0.917,ai_analyzed,2025-12-31 16:08:28.238000
69538a51a507d8787b04b3fd,AOS Â· MOBA,-0.87,ai_analyzed,2025-12-31 16:08:28.252000
69538a51a507d8787b04b3fe,í•œíƒ€,0.79,ai_analyzed,2025-12-31 16:08:28.266000
69538a51a507d8787b04b3ff,ë¦¬ê·¸ ì˜¤ë¸Œ ë ˆì „ë“œ/ìš©ì–´,0.485,ai_analyzed,2025-12-31 16:08:28.284000
69538a51a507d8787b04b400,ì„œë¸Œì»¬ì²˜ ê²Œì„,0.044,ai_analyzed,2025-12-31 16:08:28.300000
69538a51a507d8787b04b401,ì„œë¸Œì»¬ì²˜ ëª¨ë°”ì¼ ê²Œì„,-0.508,ai_analyzed,2025-12-31 16:08:28.317000
69538a51a507d8787b04b402,ê°€ì± ,-0.795,ai_analyzed,2025-12-31 16:08:28.333000
69538a51a507d8787b04b403,ê½ì¹´ë“œ,-0.994,ai_analyzed,2025-12-31 16:08:28.349000
69538a51a507d8787b04b404,ë¦¬ì„¸ë§ˆë¼,-0.841,ai_analyzed,2025-12-31 16:08:28.367000
69538a51a507d8787b04b405,ë¦¬ì…‹ ì‹œê°„,-0.982,ai_analyzed,2025-12-31 16:08:28.385000
69538a51a507d8787b04b406,ë¬´ê³¼ê¸ˆ,-0.995,ai_analyzed,2025-12-31 16:08:28.402000
69538a51a507d8787b04b407,ë³µê°,0.378,ai_analyzed,2025-12-31 16:08:28.419000
69538a51a507d8787b04b408,ë¶„ì¬ê²Œì„,-0.989,ai_analyzed,2025-12-31 16:08:28.434000
69538a51a507d8787b04b409,ì‚¬ë£Œ,-0.466,ai_analyzed,2025-12-31 16:08:28.447000
69538a51a507d8787b04b40a,ì‹¤ì¥,-0.302,ai_analyzed,2025-12-31 16:08:28.462000
69538a51a507d8787b04b40b,ì´ê²©,-0.758,ai_analyzed,2025-12-31 16:08:28.479000
69538a51a507d8787b04b40c,ì¸ê¶Œìº,-0.711,ai_analyzed,2025-12-31 16:08:28.494000
69538a51a507d8787b04b40d,ì²œì¥,-0.877,ai_analyzed,2025-12-31 16:08:28.511000
69538a51a507d8787b04b40e,ê³ ë´‰ë°¥,-0.995,ai_analyzed,2025-12-31 16:08:28.525000
69538a51a507d8787b04b40f,ì»´í”Œë¦¬íŠ¸ ê°€ì± ,0.904,ai_analyzed,2025-12-31 16:08:28.544000
69538a51a507d8787b04b410,í”½ëš«,0.934,ai_analyzed,2025-12-31 16:08:28.561000
69538a51a507d8787b04b411,í”½ì—…,-0.861,ai_analyzed,2025-12-31 16:08:28.576000
69538a51a507d8787b04b412,í•´ê¸ˆ,0.349,ai_analyzed,2025-12-31 16:08:28.591000
69538a51a507d8787b04b413,ê²¸ì†í•œ ê²Œì„ ì œì•ˆ,0.926,ai_analyzed,2025-12-31 16:08:28.609000
69538a51a507d8787b04b414,ë£¨ë„ë‚´ëŸ¬í‹°ë¸Œ ë¶€ì¡°í™”,-0.992,ai_analyzed,2025-12-31 16:08:28.626000
69538a51a507d8787b04b415,ê³ ì¸ë¬¼,-0.992,ai_analyzed,2025-12-31 16:08:28.642000
69538a51a507d8787b04b416,ì©ì€ë¬¼,-0.987,ai_analyzed,2025-12-31 16:08:28.659000
69538a51a507d8787b04b417,ê²œì•ˆë¶„,-0.991,ai_analyzed,2025-12-31 16:08:28.677000
69538a51a507d8787b04b418,ê¼¬ìš°ë©´ ì ‘ì–´ë¼,-0.996,ai_analyzed,2025-12-31 16:08:28.695000
69538a51a507d8787b04b419,ë‰´ë“¤ë°•,0.978,ai_analyzed,2025-12-31 16:08:28.711000
69538a51a507d8787b04b41a,ë‰´ë¹„,-0.955,ai_analyzed,2025-12-31 16:08:28.725000
69538a51a507d8787b04b41b,ë‰´ë¹„ì ˆë‹¨ê¸°,-0.992,ai_analyzed,2025-12-31 16:08:28.745000
69538a51a507d8787b04b41c,ë‹¥ëŒ,-0.648,ai_analyzed,2025-12-31 16:08:28.761000
69538a51a507d8787b04b41d,ëŒ€ë¦¬ë­,0.701,ai_analyzed,2025-12-31 16:08:28.779000
69538a51a507d8787b04b41e,ë”œì°ëˆ„,-0.848,ai_analyzed,2025-12-31 16:08:28.796000
69538a51a507d8787b04b41f,ë”¸í”¼,-0.202,ai_analyzed,2025-12-31 16:08:28.814000
69538a51a507d8787b04b420,ë¹¨í”¼,-0.984,ai_analyzed,2025-12-31 16:08:28.832000
69538a51a507d8787b04b421,ë–¼ê»„ë£©,0.175,ai_analyzed,2025-12-31 16:08:28.848000
69538a51a507d8787b04b422,ë¦¬ê²©ìŠˆ,-0.101,ai_analyzed,2025-12-31 16:08:28.866000
69538a51a507d8787b04b423,ë£©ë”¸,-0.989,ai_analyzed,2025-12-31 16:08:28.883000
69538a51a507d8787b04b424,ì‹ ì»¨,-0.656,ai_analyzed,2025-12-31 16:08:28.900000
69538a51a507d8787b04b425,ìˆ™ì œ,-0.276,ai_analyzed,2025-12-31 16:08:28.918000
69538a51a507d8787b04b426,ìŒ€ë¨¹,-0.191,ai_analyzed,2025-12-31 16:08:28.936000
69538a51a507d8787b04b427,ë°˜ê¸€í™”,-0.748,ai_analyzed,2025-12-31 16:08:28.952000
69538a51a507d8787b04b428,ë°œì»¨,-0.64,ai_analyzed,2025-12-31 16:08:28.969000
69538a51a507d8787b04b429,ì˜¬ë“œë¹„,-0.972,ai_analyzed,2025-12-31 16:08:28.984000
69538a51a507d8787b04b42a,ì¸ì •í˜‘íšŒ,0.367,ai_analyzed,2025-12-31 16:08:29.002000
69538a51a507d8787b04b42b,ì…â—‹â—‹,0.826,ai_analyzed,2025-12-31 16:08:29.019000
69538a51a507d8787b04b42c,í˜„í”¼,0.503,ai_analyzed,2025-12-31 16:08:29.036000
69538a51a507d8787b04b42d,ë¦¬ì–¼ì² ê¶Œ,-0.982,ai_analyzed,2025-12-31 16:08:29.052000
69538a51a507d8787b04b42e,GG,-0.986,ai_analyzed,2025-12-31 16:08:29.066000
69538a51a507d8787b04b42f,ë‹¤ìŒ,-0.597,ai_analyzed,2025-12-31 16:08:29.083000
69538dfde15116f8ff37dd9a,ë–¡ìƒ,-0.95,ai_analyzed,2025-12-31 16:08:29.098000
69538dfde15116f8ff37dd9b,ë–¡ë½,-0.988,ai_analyzed,2025-12-31 16:08:29.117000
69538dfde15116f8ff37dd9c,ì†ì ˆ,-0.99,ai_analyzed,2025-12-31 16:08:29.134000
69538dfde15116f8ff37dd9d,ìµì ˆ,0.94,ai_analyzed,2025-12-31 16:08:29.151000
69538dfde15116f8ff37dd9e,ë¬¼íƒ€ê¸°,-0.997,ai_analyzed,2025-12-31 16:08:29.169000
69538dfde15116f8ff37dd9f,ë¶ˆíƒ€ê¸°,-0.972,ai_analyzed,2025-12-31 16:08:29.182000
69538dfde15116f8ff37dda0,ë‡Œë™ë§¤ë§¤,-0.994,ai_analyzed,2025-12-31 16:08:29.199000
69538dfde15116f8ff37dda1,ì¶”ë§¤,-0.524,ai_analyzed,2025-12-31 16:08:29.217000
69538dfde15116f8ff37dda2,ê´€ë§,-0.963,ai_analyzed,2025-12-31 16:08:29.234000
69538dfde15116f8ff37dda3,ì„¸ë ¥,-0.707,ai_analyzed,2025-12-31 16:08:29.252000
69538dfde15116f8ff37dda4,ê°œë¯¸ì§€ì˜¥,-0.993,ai_analyzed,2025-12-31 16:08:29.267000
69538dfde15116f8ff37dda5,ìƒë”°,0.82,ai_analyzed,2025-12-31 16:08:29.285000
69538dfde15116f8ff37dda6,í•˜ë”°,0.821,ai_analyzed,2025-12-31 16:08:29.302000
69538dfde15116f8ff37dda7,ì¸µìˆ˜,-0.308,ai_analyzed,2025-12-31 16:08:29.319000
69538dfde15116f8ff37dda8,êµ¬ì¡°ëŒ€,0.546,ai_analyzed,2025-12-31 16:08:29.337000
69538dfde15116f8ff37dda9,íœíŠ¸í•˜ìš°ìŠ¤,0.487,ai_analyzed,2025-12-31 16:08:29.349000
69538dfde15116f8ff37ddaa,ê°“ìƒ,-0.621,ai_analyzed,2025-12-31 16:08:29.367000
69538dfde15116f8ff37ddab,ì–µë¹ ,0.415,ai_analyzed,2025-12-31 16:08:29.381000
69538dfde15116f8ff37ddac,í‚¹ë°›ë„¤,0.68,ai_analyzed,2025-12-31 16:08:29.398000
69538dfde15116f8ff37ddad,ì‹¤í™”ëƒ,-0.966,ai_analyzed,2025-12-31 16:08:29.411000
69538dfde15116f8ff37ddae,ì•Œì˜ë”±ê¹”ì„¼,0.999,ai_analyzed,2025-12-31 16:08:29.426000
69538dfde15116f8ff37ddaf,ì˜¤ìš´ì™„,0.546,ai_analyzed,2025-12-31 16:08:29.444000
69538dfde15116f8ff37ddb0,ë„ˆë­ë¼,-0.993,ai_analyzed,2025-12-31 16:08:29.460000
69538dfde15116f8ff37ddb1,ì˜¤íˆë ¤ì¢‹ì•„,0.957,ai_analyzed,2025-12-31 16:08:29.478000
69538dfde15116f8ff37ddb2,ê°€ì¦ˆì•„,-0.412,ai_analyzed,2025-12-31 16:08:29.493000
69538dfde15116f8ff37ddb3,ì¡´ë²„,0.371,ai_analyzed,2025-12-31 16:08:29.509000
69538dfde15116f8ff37ddb4,í¼ë¯¸ì³¤ë‹¤,0.107,ai_analyzed,2025-12-31 16:08:29.526000
69538e6105a207619e2bee85,ë˜¥ê²œ,-0.991,ai_analyzed,2025-12-31 16:08:29.540000
69538e6105a207619e2bee86,ì¬ë£Œì†Œë©¸,-0.978,ai_analyzed,2025-12-31 16:08:29.556000
69538e6105a207619e2bee87,ë§ê²œ,-0.987,ai_analyzed,2025-12-31 16:08:29.573000
69538e6105a207619e2bee88,ì·¨ì €,-0.948,ai_analyzed,2025-12-31 16:08:29.587000
69538e6105a207619e2bee89,ë°°ë‹¹ì£¼,0.391,ai_analyzed,2025-12-31 16:08:29.606000
69538e6105a207619e2bee8a,ë°¸ëŸ°ìŠ¤,0.829,ai_analyzed,2025-12-31 16:08:29.622000
69538e6105a207619e2bee8b,íŒ¨ì¹˜,0.528,ai_analyzed,2025-12-31 16:08:29.639000
69538e6105a207619e2bee8c,í‚¹ì •,0.631,ai_analyzed,2025-12-31 16:08:29.650000
69538e6105a207619e2bee8d,ì›Œë¼ë°¸,-0.993,ai_analyzed,2025-12-31 16:08:29.669000
69538e6105a207619e2bee8e,í”Œë ‰ìŠ¤,0.678,ai_analyzed,2025-12-31 16:08:29.685000
69538e6105a207619e2bee8f,ë‚´ë˜ì¶œ,0.009,ai_analyzed,2025-12-31 16:08:29.699000
69538e6105a207619e2bee90,ì„¤ê±°ì§€,0.026,ai_analyzed,2025-12-31 16:08:29.717000
69538e6105a207619e2bee91,ì™¸ì¸,0.954,ai_analyzed,2025-12-31 16:08:29.734000
69538e6105a207619e2bee92,íƒ±í‚¹,-0.15,ai_analyzed,2025-12-31 16:08:29.751000
69538e6105a207619e2bee93,ë„ë°œ,-0.966,ai_analyzed,2025-12-31 16:08:29.766000
69538e6105a207619e2bee94,ë§ê´€ë¶€,-0.813,ai_analyzed,2025-12-31 16:08:29.778000
69538e6105a207619e2bee95,ë¹”,-0.183,ai_analyzed,2025-12-31 16:08:29.792000
69538e6105a207619e2bee96,ì¸ì±ˆíŠ¸,-0.581,ai_analyzed,2025-12-31 16:08:29.809000
69538e6105a207619e2bee97,ì¡ì£¼,-0.988,ai_analyzed,2025-12-31 16:08:29.826000
69538e6105a207619e2bee98,ë‡Œì ˆ,-0.824,ai_analyzed,2025-12-31 16:08:29.842000
69538e6105a207619e2bee99,ìë§Œì¶”,-0.994,ai_analyzed,2025-12-31 16:08:29.859000
69538e6105a207619e2bee9a,ì©”,0.909,ai_analyzed,2025-12-31 16:08:29.873000
69538e6105a207619e2bee9b,ã… ã… ,0.294,ai_analyzed,2025-12-31 16:08:29.891000
69538e6105a207619e2bee9c,íƒˆì¶œ,-0.628,ai_analyzed,2025-12-31 16:08:29.905000
69538e6105a207619e2bee9d,ì–´ì©”í‹°ë¹„,-0.545,ai_analyzed,2025-12-31 16:08:29.920000
69538e6105a207619e2bee9e,ì¤ì¤,0.985,ai_analyzed,2025-12-31 16:08:29.937000
69538e6105a207619e2bee9f,ì–¼ì£½ì•„,-0.65,ai_analyzed,2025-12-31 16:08:29.951000
69538e6105a207619e2beea0,ê³ ê³ ,-0.759,ai_analyzed,2025-12-31 16:08:29.964000
69538e6105a207619e2beea1,ì£¼ë¦°ì´,0.93,ai_analyzed,2025-12-31 16:08:29.976000
69538e6105a207619e2beea2,ìœ—ê¼¬ë¦¬,-0.721,ai_analyzed,2025-12-31 16:08:29.992000
69538e6105a207619e2beea3,ìš°ëŸ‰ì£¼,-0.846,ai_analyzed,2025-12-31 16:08:30.008000
69538e6105a207619e2beea4,ìŠ¤ë¶ˆì¬,-0.72,ai_analyzed,2025-12-31 16:08:30.027000
69538e6105a207619e2beea5,ë‹¨ì¼ê¸°,-0.756,ai_analyzed,2025-12-31 16:08:30.041000
69538e6105a207619e2beea6,í˜„ìƒ,-0.329,ai_analyzed,2025-12-31 16:08:30.056000
69538e6105a207619e2beea7,ê³¼ê¸ˆ,-0.989,ai_analyzed,2025-12-31 16:08:30.074000
69538e6105a207619e2beea8,ã…ã…,0.686,ai_analyzed,2025-12-31 16:08:30.089000
69538e6105a207619e2beea9,ì‘ì „ì£¼,-0.92,ai_analyzed,2025-12-31 16:08:30.103000
69538e6105a207619e2beeaa,í‹°í‚¤íƒ€ì¹´,0.939,ai_analyzed,2025-12-31 16:08:30.118000
69538e6105a207619e2beeab,ì†Œí™•í–‰,-0.971,ai_analyzed,2025-12-31 16:08:30.136000
69538e6105a207619e2beeac,ì•…ì¬,-0.037,ai_analyzed,2025-12-31 16:08:30.151000
69538e6105a207619e2beead,ì°¬í‹°,-0.418,ai_analyzed,2025-12-31 16:08:30.165000
69538e6105a207619e2beeae,ã…‹ã…‹,0.236,ai_analyzed,2025-12-31 16:08:30.183000
69538e6105a207619e2beeaf,í’€ë§¤ìˆ˜,0.514,ai_analyzed,2025-12-31 16:08:30.199000
69538e6105a207619e2beeb0,ë¬´ë¬´,-0.874,ai_analyzed,2025-12-31 16:08:30.213000
69538e6105a207619e2beeb1,ë…¸ë…¸,-0.928,ai_analyzed,2025-12-31 16:08:30.231000
69538e6105a207619e2beeb2,í‚¹ë¦¬ì ê°“ì‹¬,-0.993,ai_analyzed,2025-12-31 16:08:30.248000
69538e6105a207619e2beeb3,ê¾¸ì•ˆê¾¸,-0.757,ai_analyzed,2025-12-31 16:08:30.264000
69538e6105a207619e2beeb4,ã…‡ã…‡,0.343,ai_analyzed,2025-12-31 16:08:30.281000
69538e6105a207619e2beeb5,ê±°ë˜ì •ì§€,-0.989,ai_analyzed,2025-12-31 16:08:30.298000
69538e6105a207619e2beeb6,ë‚˜ë½,-0.981,ai_analyzed,2025-12-31 16:08:30.315000
69538e6105a207619e2beeb7,ëˆë³µì‚¬,0.925,ai_analyzed,2025-12-31 16:08:30.331000
69538e6105a207619e2beeb8,íŒ¨ë‹‰ì…€,0.936,ai_analyzed,2025-12-31 16:08:30.349000
69538e6105a207619e2beeb9,ì•ˆí‹°,-0.202,ai_analyzed,2025-12-31 16:08:30.366000
69538e6105a207619e2beeba,ë…¸ê°€ë‹¤,-0.995,ai_analyzed,2025-12-31 16:08:30.379000
69538e6105a207619e2beebb,ê°ì„±,0.947,ai_analyzed,2025-12-31 16:08:30.396000
69538e6105a207619e2beebc,ê¸°ê´€,-0.576,ai_analyzed,2025-12-31 16:08:30.409000
69538e6105a207619e2beebd,ê°•í™”,0.935,ai_analyzed,2025-12-31 16:08:30.426000
69538e6105a207619e2beebe,ê°œë¯¸,0.857,ai_analyzed,2025-12-31 16:08:30.443000
69538e6105a207619e2beebf,ì²œë‹¹,0.355,ai_analyzed,2025-12-31 16:08:30.459000
69538e6105a207619e2beec0,ì¥ëŒ€ì–‘ë´‰,-0.804,ai_analyzed,2025-12-31 16:08:30.472000
69538e6105a207619e2beec1,ë””ë²„í”„,0.78,ai_analyzed,2025-12-31 16:08:30.488000
69538e6105a207619e2beec2,ì €ë©”ì¶”,-0.634,ai_analyzed,2025-12-31 16:08:30.505000
69538e6105a207619e2beec3,ì–‘í•™,-0.915,ai_analyzed,2025-12-31 16:08:30.523000
69538e6105a207619e2beec4,ëˆ„ì¹¼í˜‘,-0.655,ai_analyzed,2025-12-31 16:08:30.539000
69538e6105a207619e2beec5,ì¿ ì¿ ë£¨ì‚¥ë½•,-0.996,ai_analyzed,2025-12-31 16:08:30.557000
69538e6105a207619e2beec6,ì „ì§,0.952,ai_analyzed,2025-12-31 16:08:30.571000
69538e6105a207619e2beec7,ì ë©”ì¶”,-0.961,ai_analyzed,2025-12-31 16:08:30.585000
69538e6105a207619e2beec8,ë³¸ì ˆ,0.967,ai_analyzed,2025-12-31 16:08:30.599000
69538e6105a207619e2beec9,ì˜ëŒ,-0.99,ai_analyzed,2025-12-31 16:08:30.616000
69538e6105a207619e2beeca,ì¥ëŒ€ìŒë´‰,-0.939,ai_analyzed,2025-12-31 16:08:30.633000
69538e6105a207619e2beecb,ë”í™©ì°¨,0.16,ai_analyzed,2025-12-31 16:08:30.650000
69538e6105a207619e2beecc,ëˆì‚­ì œ,-0.954,ai_analyzed,2025-12-31 16:08:30.667000
69538e6105a207619e2beecd,ê°‘ë¶„ì‹¸,-0.953,ai_analyzed,2025-12-31 16:08:30.681000
69538e6105a207619e2beece,ì¦ê²œ,0.613,ai_analyzed,2025-12-31 16:08:30.698000
69538e6105a207619e2beecf,ë³„ë‹¤ì¤„,-0.992,ai_analyzed,2025-12-31 16:08:30.717000
69538e6105a207619e2beed0,ê°€ì‹¬ë¹„,-0.98,ai_analyzed,2025-12-31 16:08:30.733000
69538e6105a207619e2beed1,ë˜ì „,0.65,ai_analyzed,2025-12-31 16:08:30.751000
69538e6105a207619e2beed2,ë²„ìŠ¤,-0.13,ai_analyzed,2025-12-31 16:08:30.767000
69538e6105a207619e2beed3,ì•„ë«ê¼¬ë¦¬,-0.716,ai_analyzed,2025-12-31 16:08:30.786000
69538e6105a207619e2beed4,ì¹¨ë¬µ,-0.966,ai_analyzed,2025-12-31 16:08:30.801000
69538e6105a207619e2beed5,ì´ˆì›”,0.943,ai_analyzed,2025-12-31 16:08:30.815000
69538e6105a207619e2beed6,ì§€í•˜ì‹¤,-0.925,ai_analyzed,2025-12-31 16:08:30.832000
69538e6105a207619e2beed7,ìº˜ë°•,0.013,ai_analyzed,2025-12-31 16:08:30.849000
69538e6105a207619e2beed8,í˜¸ì¬,0.975,ai_analyzed,2025-12-31 16:08:30.865000
69538e6105a207619e2beed9,ë§Œë ™,0.993,ai_analyzed,2025-12-31 16:08:30.883000
69538e6105a207619e2beeda,ê°“ì„±ë¹„,-0.024,ai_analyzed,2025-12-31 16:08:30.900000
69538e6105a207619e2beedb,ë‹¹ëª¨ì¹˜,-0.347,ai_analyzed,2025-12-31 16:08:30.917000
69538e6105a207619e2beedc,ê´‘ì—­ê¸°,0.958,ai_analyzed,2025-12-31 16:08:30.935000
69538e6105a207619e2beedd,ë¹¡ê²œ,-0.99,ai_analyzed,2025-12-31 16:08:30.948000
69538e6105a207619e2beede,ë ˆì´ë“œ,0.126,ai_analyzed,2025-12-31 16:08:30.967000
69538e6105a207619e2beedf,ìƒí,-0.993,ai_analyzed,2025-12-31 16:08:30.985000
69538e6105a207619e2beee0,ì„ ë°˜ì˜,-0.593,ai_analyzed,2025-12-31 16:08:30.999000
69538e6105a207619e2beee1,ì¡Œì˜ì‹¸,-0.937,ai_analyzed,2025-12-31 16:08:31.017000
69538e6105a207619e2beee2,ë™ì „ì£¼,-0.142,ai_analyzed,2025-12-31 16:08:31.032000
69538e6105a207619e2beee3,ìŠ¤í„´,-0.684,ai_analyzed,2025-12-31 16:08:31.047000
69539e67173b52aadd893043,ê³ ë‹¬,0.568,ai_analyzed,2025-12-31 16:08:31.063000
69539e67173b52aadd893044,â—‹â—‹ë°–ì— ëª¨ë¥´ëŠ” ë°”ë³´,-0.556,ai_analyzed,2025-12-31 16:08:31.081000
69539e67173b52aadd893045,ê³ ë¬´ì¤„ ë‚˜ì´,0.813,ai_analyzed,2025-12-31 16:08:31.097000
69539e67173b52aadd893046,ê°„ë””,-0.767,ai_analyzed,2025-12-31 16:08:31.115000
69539e67173b52aadd893047,â—‹â—‹ê°€ â—‹â—‹í•˜ë‹¤,0.814,ai_analyzed,2025-12-31 16:08:31.132000
69539e67173b52aadd893048,ê°ˆë¹™ë¦¬íƒ€,0.703,ai_analyzed,2025-12-31 16:08:31.149000
69539e67173b52aadd893049,ã…ã…Šã„· ã…ã…Šã…‡,0.301,ai_analyzed,2025-12-31 16:08:31.168000
69539e67173b52aadd89304a,1ìŠ¹ë§Œ í•˜ë¼ê³  ìŠ¤ë§‰ ì‹œë°œë“¤ì•„,-0.996,ai_analyzed,2025-12-31 16:08:31.186000
69539e67173b52aadd89304b,That's okay. Your tears say more than real evidence ever could.,0.707,ai_analyzed,2025-12-31 16:08:31.212000
69539e67173b52aadd89304c,ê°œë˜¥ì² í•™,-0.994,ai_analyzed,2025-12-31 16:08:31.230000
69539e67173b52aadd89304d,XXë¼ë©´ ë‚´ ì˜†ì—ì„œ ìê³  ìˆëŠ”ë°,-0.992,ai_analyzed,2025-12-31 16:08:31.248000
69539e67173b52aadd89304e,ê°œê°€ ì§–ì–´ë„ ê¸°ì°¨ëŠ” ê°„ë‹¤,-0.492,ai_analyzed,2025-12-31 16:08:31.264000
69539e67173b52aadd89304f,ê°œì¡±ë³´,-0.993,ai_analyzed,2025-12-31 16:08:31.277000
69539e67173b52aadd893050,ã„±-,-0.581,ai_analyzed,2025-12-31 16:08:31.295000
69539e67173b52aadd893051,ê°‘íˆ­íŠ€,-0.988,ai_analyzed,2025-12-31 16:08:31.312000
69539e67173b52aadd893052,ê°€ì •êµìœ¡ì„ íŒíƒ€ì§€ë¡œ ë°›ì•˜ë‹¤,-0.975,ai_analyzed,2025-12-31 16:08:31.329000
69539e67173b52aadd893053,ê°ì„±íŒ”ì´,-0.994,ai_analyzed,2025-12-31 16:08:31.345000
69539e67173b52aadd893054,Rizz,0.186,ai_analyzed,2025-12-31 16:08:31.362000
69539e67173b52aadd893055,ê°•í•œ ë¶€ì •ì€ ê¸ì •,-0.045,ai_analyzed,2025-12-31 16:08:31.379000
69539e67173b52aadd893056,ê°(ìœ í–‰ì–´),-0.262,ai_analyzed,2025-12-31 16:08:31.397000
69539e67173b52aadd893057,Oê¹Œí¥Â·Oë¹¨ë§,-0.996,ai_analyzed,2025-12-31 16:08:31.415000
69539e67173b52aadd893058,ê²°ì • ëŒ€ì‚¬,0.821,ai_analyzed,2025-12-31 16:08:31.433000
69539e67173b52aadd893059,ê°€ì¥ ì“¸ë°ì—†ëŠ” ê±±ì •ì´ ì—°ì˜ˆì¸ ê±±ì •ì´ë‹¤,-0.99,ai_analyzed,2025-12-31 16:08:31.446000
69539e67173b52aadd89305a,ê±´ì–´ë¬¼ë…€,-0.992,ai_analyzed,2025-12-31 16:08:31.459000
69539e67173b52aadd89305b,ê°„ì§€(ìœ í–‰ì–´),0.95,ai_analyzed,2025-12-31 16:08:31.476000
69539e67173b52aadd89305c,ê°€ì„±ë¹„ ëŒ“ê¸€,-0.441,ai_analyzed,2025-12-31 16:08:31.493000
69539e67173b52aadd89305d,ê°•ë¼ì¸,0.997,ai_analyzed,2025-12-31 16:08:31.509000
69539e67173b52aadd89305e,ê²€ì€ ë¨¸ë¦¬ ì™¸êµ­ì¸,-0.935,ai_analyzed,2025-12-31 16:08:31.524000
69539e67173b52aadd89305f,K-pop stan,0.788,ai_analyzed,2025-12-31 16:08:31.544000
69539e67173b52aadd893060,ê°œê¿€ì¼ ëª°ì¹´,0.339,ai_analyzed,2025-12-31 16:08:31.563000
69539e67173b52aadd893061,7ì˜ ì—¬ì,0.948,ai_analyzed,2025-12-31 16:08:31.580000
69539e67173b52aadd893062,EASY ë“œë¦½,-0.745,ai_analyzed,2025-12-31 16:08:31.596000
69539e67173b52aadd893063,XXë¼ë“ ì§€ XXë¼ë“ ì§€ ì•„ë‹ˆë©´ XXë¼ë“ ì§€,0.595,ai_analyzed,2025-12-31 16:08:31.613000
69539e67173b52aadd893064,ê³ êµ¬ë§ˆ(ìœ í–‰ì–´),-0.936,ai_analyzed,2025-12-31 16:08:31.632000
69539e67173b52aadd893065,YOLO,0.795,ai_analyzed,2025-12-31 16:08:31.649000
69539e67173b52aadd893066,Edging,0.902,ai_analyzed,2025-12-31 16:08:31.666000
69539e67173b52aadd893067,ê²½ì œì¸(Kë¦¬ê·¸),-0.178,ai_analyzed,2025-12-31 16:08:31.682000
69539e67173b52aadd893068,Aë¼ê³  ì“°ê³  Bë¼ê³  ì½ëŠ”ë‹¤,0.677,ai_analyzed,2025-12-31 16:08:31.701000
69539e67173b52aadd893069,ê°“í•œë¯¼êµ­,-0.188,ai_analyzed,2025-12-31 16:08:31.716000
69539e67173b52aadd89306a,C9(ë°ˆ),-0.965,ai_analyzed,2025-12-31 16:08:31.738000
69539e67173b52aadd89306b,ê²¨ìš° ê·¸ê¹Œì§“ í˜ìœ¼ë¡œ ê°íˆ,-0.99,ai_analyzed,2025-12-31 16:08:31.757000
69539e67173b52aadd89306c,XXX ì‚½ë‹ˆë‹¤,-0.714,ai_analyzed,2025-12-31 16:08:31.772000
69539e67173b52aadd89306d,You Are My Girl,-0.325,ai_analyzed,2025-12-31 16:08:31.792000
69539e67173b52aadd89306e,0ê³ ë°± 1ì°¨ì„,-0.994,ai_analyzed,2025-12-31 16:08:31.808000
69539e67173b52aadd89306f,BINì¦í›„êµ°,-0.786,ai_analyzed,2025-12-31 16:08:31.825000
69539e67173b52aadd893070,Orange man bad,-0.738,ai_analyzed,2025-12-31 16:08:31.843000
69539e67173b52aadd893071,ê³ ì†Œë¯¸(ìœ í–‰ì–´),0.616,ai_analyzed,2025-12-31 16:08:31.863000
69539e67173b52aadd893072,ê°•ì œì •ëª¨,-0.993,ai_analyzed,2025-12-31 16:08:31.879000
69539e67173b52aadd893073,ê°“(ìœ í–‰ì–´),-0.955,ai_analyzed,2025-12-31 16:08:31.897000
69539e67173b52aadd893074,Hold â“§ to Pay Respects,-0.865,ai_analyzed,2025-12-31 16:08:31.914000
69539e67173b52aadd893075,Here is another Old Trafford,0.939,ai_analyzed,2025-12-31 16:08:31.936000
69539e67173b52aadd893076,Badass,-0.993,ai_analyzed,2025-12-31 16:08:31.954000
69539e67173b52aadd893077,ê°€ë¶•ê°œ,-0.82,ai_analyzed,2025-12-31 16:08:31.973000
69539e67173b52aadd893078,ê³ ë°±ê³µê²©,-0.12,ai_analyzed,2025-12-31 16:08:31.987000
69539e67173b52aadd893079,K-poop,0.987,ai_analyzed,2025-12-31 16:08:32.028000
69539e67173b52aadd89307a,níŠ¸,0.288,ai_analyzed,2025-12-31 16:08:32.050000
69539e67173b52aadd89307b,D.V.D!!,0.081,ai_analyzed,2025-12-31 16:08:32.065000
69539e67173b52aadd89307c,OOTD,-0.904,ai_analyzed,2025-12-31 16:08:32.080000
69539e67173b52aadd89307d,29ë§Œì›,-0.993,ai_analyzed,2025-12-31 16:08:32.100000
69539e67173b52aadd89307e,Swag,-0.459,ai_analyzed,2025-12-31 16:08:32.118000
69539e67173b52aadd89307f,ê°“ê°“ê°“,-0.526,ai_analyzed,2025-12-31 16:08:32.136000
69539e67173b52aadd893080,2ì°¨ ì°½ì‘í˜•ì— ì²˜í•œë‹¤,-0.985,ai_analyzed,2025-12-31 16:08:32.153000
69539e67173b52aadd893081,ä¸•åˆ€åœä¹™åœäººä¸¨å‡¹åœä¹™åœå£åœ,-0.11,ai_analyzed,2025-12-31 16:08:32.174000
69539e67173b52aadd893082,Locktober,0.766,ai_analyzed,2025-12-31 16:08:32.191000
69539e67173b52aadd893083,~ì— ì§„ì‹¬ì¸ í¸,-0.993,ai_analyzed,2025-12-31 16:08:32.209000
69539e67173b52aadd893084,Do You Want to Build a Snowman?,-0.454,ai_analyzed,2025-12-31 16:08:32.228000
69539e67173b52aadd893085,ê°œì´ˆë”©,-0.984,ai_analyzed,2025-12-31 16:08:32.244000
69539e67173b52aadd893086,Sybau,-0.424,ai_analyzed,2025-12-31 16:08:32.263000
69539e67173b52aadd893087,OOì€ OOìœ¼ë¡œ ë´ë¼,-0.822,ai_analyzed,2025-12-31 16:08:32.281000
69539e67173b52aadd893088,ê°œì¸ì ì¸ ê°ì •ì€ ì—†ë‹¤,-0.992,ai_analyzed,2025-12-31 16:08:32.300000
69539e67173b52aadd893089,Xí•˜,-0.937,ai_analyzed,2025-12-31 16:08:32.316000
69539e67173b52aadd89308a,ê³ ê¸‰ì§€ë‹¤,0.942,ai_analyzed,2025-12-31 16:08:32.330000
69539e67173b52aadd89308b,TBT,0.094,ai_analyzed,2025-12-31 16:08:32.349000
69539e67173b52aadd89308c,ê³„ì† ì´ëŸ¬ì‹œëŠ” ì´ìœ ê°€ ìˆì„ ê±° ì•„ë‹ˆì—ìš”...,-0.997,ai_analyzed,2025-12-31 16:08:32.368000
69539e67173b52aadd89308d,ê²Œì„°ê±°ë¼,-0.85,ai_analyzed,2025-12-31 16:08:32.382000
69539e67173b52aadd89308e,ê°œë…,0.102,ai_analyzed,2025-12-31 16:08:32.399000
69539e67173b52aadd89308f,ê°„ë‹¤~~~~ë“œë˜í”„íŠ¸!!!!!!!!!!!,0.946,ai_analyzed,2025-12-31 16:08:32.421000
69539e67173b52aadd893090,ê°€í…ì¼€ì´,-0.093,ai_analyzed,2025-12-31 16:08:32.437000
69539e67173b52aadd893091,MHì„¸ëŒ€,-0.253,ai_analyzed,2025-12-31 16:08:32.452000
69539e67173b52aadd893092,ê°„ ë•Œë¬¸ì´ì•¼,-0.685,ai_analyzed,2025-12-31 16:08:32.470000
69539e67173b52aadd893093,No Nut November,0.902,ai_analyzed,2025-12-31 16:08:32.487000
69539e67173b52aadd893094,WOW SEXY FOOD,0.988,ai_analyzed,2025-12-31 16:08:32.503000
69539e67173b52aadd893095,Fyah,0.581,ai_analyzed,2025-12-31 16:08:32.520000
69539e67173b52aadd893096,Youngí•œë°? ì™„ì „ MZì¸ë°ìš”?,0.729,ai_analyzed,2025-12-31 16:08:32.540000
69539e67173b52aadd893097,ê±°ì‹œê¸°,-0.972,ai_analyzed,2025-12-31 16:08:32.552000
69539e67173b52aadd893098,Xë§¨,-0.984,ai_analyzed,2025-12-31 16:08:32.565000
69539e67173b52aadd893099,ê°“í”Œë€íŠ¸,-0.978,ai_analyzed,2025-12-31 16:08:32.577000
69539e67173b52aadd89309a,ê³ ë‚˜ë¦¬ì§ˆ,-0.996,ai_analyzed,2025-12-31 16:08:32.592000
69539e67173b52aadd89309b,Trump Always Chickens Out,-0.058,ai_analyzed,2025-12-31 16:08:32.610000
69539e67173b52aadd89309c,Web ë°œì‹ ,-0.451,ai_analyzed,2025-12-31 16:08:32.626000
69539e67173b52aadd89309d,ê°œì¶•,-0.983,ai_analyzed,2025-12-31 16:08:32.644000
69539e67173b52aadd89309e,Së¼ì¸,-0.822,ai_analyzed,2025-12-31 16:08:32.661000
69539e67173b52aadd89309f,Cringe,-0.123,ai_analyzed,2025-12-31 16:08:32.674000
69539e67173b52aadd8930a0,You're Fired,0.951,ai_analyzed,2025-12-31 16:08:32.690000
69539e67173b52aadd8930a1,Triggered,-0.943,ai_analyzed,2025-12-31 16:08:32.705000
69539e67173b52aadd8930a2,ê±°ì§€ê·¼ì„±,-0.995,ai_analyzed,2025-12-31 16:08:32.724000
69539e67173b52aadd8930a3,ê°œì´ë“,-0.997,ai_analyzed,2025-12-31 16:08:32.739000
69539e67173b52aadd8930a4,LEGENO,-0.61,ai_analyzed,2025-12-31 16:08:32.757000
69539e8f5e3907ba6200009e,êµ¬ì¡°ì„ ,-0.783,ai_analyzed,2025-12-31 16:08:32.771000
69539e8f5e3907ba6200009f,ê¸°ëª¨ì°Œ,-0.99,ai_analyzed,2025-12-31 16:08:32.785000
69539e8f5e3907ba620000a0,ê½ˆë‹¹í~,-0.976,ai_analyzed,2025-12-31 16:08:32.804000
69539e8f5e3907ba620000a1,ë‚™ë™ê°• ì˜¤ë¦¬ì•Œ,-0.799,ai_analyzed,2025-12-31 16:08:32.821000
69539e8f5e3907ba620000a2,ê´€í”¼ì•„,-0.969,ai_analyzed,2025-12-31 16:08:32.835000
69539e8f5e3907ba620000a3,ë‚´ ë‚˜ì´ XX XXê°€ ëŒë¦°ë‹¤,0.988,ai_analyzed,2025-12-31 16:08:32.853000
69539e8f5e3907ba620000a4,ê·€ê°±,-0.994,ai_analyzed,2025-12-31 16:08:32.869000
69539e8f5e3907ba620000a5,ë‚˜ ê¿ˆê¿¨ì–´ ê·€ì‹  ê¿ˆê¿¨ì–´,-0.052,ai_analyzed,2025-12-31 16:08:32.886000
69539e8f5e3907ba620000a6,ê³µì±…íŒ¨ì¹˜,-0.99,ai_analyzed,2025-12-31 16:08:32.903000
69539e8f5e3907ba620000a7,ê·¸ìª½ì´ì•¼ë§ë¡œì£¼ì˜,0.369,ai_analyzed,2025-12-31 16:08:32.919000
69539e8f5e3907ba620000a8,ê¸°ë¶„ì´ ë„ˆë¬´ë‚˜ ì¢‹ì•„ìš”,0.965,ai_analyzed,2025-12-31 16:08:32.936000
69539e8f5e3907ba620000a9,êº„ ë¥˜ìƒ!,0.862,ai_analyzed,2025-12-31 16:08:32.951000
69539e8f5e3907ba620000aa,ê³ ì¶”(ë™ìŒì´ì˜ì–´),-0.88,ai_analyzed,2025-12-31 16:08:32.967000
69539e8f5e3907ba620000ab,ê·¸ëŸ°ë° ë§ì…ë‹ˆë‹¤,-0.725,ai_analyzed,2025-12-31 16:08:32.983000
69539e8f5e3907ba620000ac,ë‚´ë ¤ê°ˆ íŒ€ì€ ë‚´ë ¤ê°„ë‹¤/ì˜ˆì‹œ/ì•¼êµ¬,0.857,ai_analyzed,2025-12-31 16:08:33.003000
69539e8f5e3907ba620000ad,ê·¸ë†ˆì´ ê·¸ë†ˆ,0.256,ai_analyzed,2025-12-31 16:08:33.020000
69539e8f5e3907ba620000ae,ë‚„ë¼ë¹ ë¹ ,0.601,ai_analyzed,2025-12-31 16:08:33.035000
69539e8f5e3907ba620000af,ê·¸ë˜ì„œ ëŒ€í†µë ¹ ë˜ë ¤ê³  í•˜ëŠ” ê±° ì•„ë‹ˆì—ìš”?,-0.994,ai_analyzed,2025-12-31 16:08:33.050000
69539e8f5e3907ba620000b0,ê¹¨ì•Œê°™ë‹¤,0.97,ai_analyzed,2025-12-31 16:08:33.068000
69539e8f5e3907ba620000b1,ê¾¸ì—­ìŠ¹,-0.996,ai_analyzed,2025-12-31 16:08:33.086000
69539e8f5e3907ba620000b2,ë„ˆì•ˆë°•,-0.132,ai_analyzed,2025-12-31 16:08:33.103000
69539e8f5e3907ba620000b3,ë‚˜ì´ë¶€ì‹¬,-0.994,ai_analyzed,2025-12-31 16:08:33.121000
69539e8f5e3907ba620000b4,ã„²,0.253,ai_analyzed,2025-12-31 16:08:33.135000
69539e8f5e3907ba620000b5,ë‚˜ â—‹â—‹â—‹ì¸ë°,0.947,ai_analyzed,2025-12-31 16:08:33.150000
69539e8f5e3907ba620000b6,ë‚˜ë¼ì˜ ê²½ì œë¥¼ ì´ì•¼ê¸°í•˜ê³  ìˆëŠ”ë° íŒŒë¦¬ê°€ ì•‰ì•˜ìŠµë‹ˆë‹¤,0.371,ai_analyzed,2025-12-31 16:08:33.170000
69539e8f5e3907ba620000b7,ê·¼ë“¤ê·¼ë“¤,0.028,ai_analyzed,2025-12-31 16:08:33.188000
69539e8f5e3907ba620000b8,ê³ ìŒì…”í‹€,0.981,ai_analyzed,2025-12-31 16:08:33.205000
69539e8f5e3907ba620000b9,ê¸°ë¶„ì´ ì–´ë•Œ,-0.984,ai_analyzed,2025-12-31 16:08:33.219000
69539e8f5e3907ba620000ba,ê¹œë†€,-0.953,ai_analyzed,2025-12-31 16:08:33.235000
69539e8f5e3907ba620000bb,ë‚¨ì„±í–¥,-0.306,ai_analyzed,2025-12-31 16:08:33.248000
69539e8f5e3907ba620000bc,êµ‰ì¥í•´ ì—„ì²­ë‚˜,0.907,ai_analyzed,2025-12-31 16:08:33.265000
69539e8f5e3907ba620000bd,ê¿,-0.961,ai_analyzed,2025-12-31 16:08:33.281000
69539e8f5e3907ba620000be,ê·€ì²™,-0.721,ai_analyzed,2025-12-31 16:08:33.299000
69539e8f5e3907ba620000bf,ê¹€ëŒ€ì¤‘êµ,-0.059,ai_analyzed,2025-12-31 16:08:33.311000
69539e8f5e3907ba620000c0,ê·¸ëŸ° ê±°ëŠ” ìš°ë¦¬í•œí…ŒëŠ” ìˆì„ ìˆ˜ê°€ ì—†ì–´,0.646,ai_analyzed,2025-12-31 16:08:33.329000
69539e8f5e3907ba620000c1,ê¹€í˜•ì‚¬,-0.326,ai_analyzed,2025-12-31 16:08:33.345000
69539e8f5e3907ba620000c2,ê´‘ì† íƒˆë½,-0.995,ai_analyzed,2025-12-31 16:08:33.363000
69539e8f5e3907ba620000c3,ë‚´ê°€ í•´ë´ì„œ ì•„ëŠ”ë°,0.531,ai_analyzed,2025-12-31 16:08:33.377000
69539e8f5e3907ba620000c4,ê·¸ ê¸´ê±°,-0.838,ai_analyzed,2025-12-31 16:08:33.390000
69539e8f5e3907ba620000c5,ê¸°ë‘¥ë’¤ì— ê³µê°„ ìˆì–´ìš”,-0.84,ai_analyzed,2025-12-31 16:08:33.408000
69539e8f5e3907ba620000c6,ê¹”ê¹”ì´,0.946,ai_analyzed,2025-12-31 16:08:33.426000
69539e8f5e3907ba620000c7,ëƒ¥ëƒ¥í€ì¹˜,-0.383,ai_analyzed,2025-12-31 16:08:33.440000
69539e8f5e3907ba620000c8,ê¸°ê³„ì¹˜/ëª©ë¡,-0.639,ai_analyzed,2025-12-31 16:08:33.458000
69539e8f5e3907ba620000c9,ê¸€ì„¤ë¦¬,0.977,ai_analyzed,2025-12-31 16:08:33.472000
69539e8f5e3907ba620000ca,ë‚´ë¡œë‚¨ë¶ˆ,-0.993,ai_analyzed,2025-12-31 16:08:33.485000
69539e8f5e3907ba620000cb,ê¸°ë¥¼ ì£½ì´ê³  ê·¸ë˜ìš”,-0.997,ai_analyzed,2025-12-31 16:08:33.499000
69539e8f5e3907ba620000cc,ë‚˜ë¬´ì•¼ ë¯¸ì•ˆí•´,-0.261,ai_analyzed,2025-12-31 16:08:33.515000
69539e8f5e3907ba620000cd,ê³µì¤‘ì œë¹„,-0.824,ai_analyzed,2025-12-31 16:08:33.531000
69539e8f5e3907ba620000ce,ê¸°ì¡´ì„,0.015,ai_analyzed,2025-12-31 16:08:33.544000
69539e8f5e3907ba620000cf,ë‚´ê°€ ì‚´ë©´ ì–¼ë§ˆë‚˜ ë” ì‚°ë‹¤ê³ ,0.981,ai_analyzed,2025-12-31 16:08:33.559000
69539e8f5e3907ba620000d0,êµ­ë¯¼MC,0.993,ai_analyzed,2025-12-31 16:08:33.575000
69539e8f5e3907ba620000d1,ê³¨ë“œ ë””ê±°,-0.94,ai_analyzed,2025-12-31 16:08:33.588000
69539e8f5e3907ba620000d2,êµ°ê¸°ë°˜ì¥,-0.302,ai_analyzed,2025-12-31 16:08:33.605000
69539e8f5e3907ba620000d3,ë‚˜ìœ ë‚¨ì,-0.966,ai_analyzed,2025-12-31 16:08:33.617000
69539e8f5e3907ba620000d4,ë„Œ ë‚˜ì—ê²Œ ëª¨ìš•ê°ì„ ì¤¬ì–´,-0.995,ai_analyzed,2025-12-31 16:08:33.636000
69539e8f5e3907ba620000d5,ã„´,0.788,ai_analyzed,2025-12-31 16:08:33.651000
69539e8f5e3907ba620000d6,ê·¸ë˜ë„ ì§€êµ¬ëŠ” ëˆë‹¤,0.648,ai_analyzed,2025-12-31 16:08:33.663000
69539e8f5e3907ba620000d7,ë‚œë…ì¦,-0.589,ai_analyzed,2025-12-31 16:08:33.680000
69539e8f5e3907ba620000d8,ë‚˜ëŠ” ë¹¡ë¹¡ì´ë‹¤,-0.881,ai_analyzed,2025-12-31 16:08:33.699000
69539e8f5e3907ba620000d9,ë„Œ ìë§‰ ë§Œë“œëŠ” ê¸°ê³„ì— ë¶ˆê³¼í•´,-0.971,ai_analyzed,2025-12-31 16:08:33.716000
69539e8f5e3907ba620000da,ë„˜ë‚˜ ~ê²ƒ,0.811,ai_analyzed,2025-12-31 16:08:33.730000
69539e8f5e3907ba620000db,ë‚˜ë„ ë§Œì§ˆ ê±°ì•¼,-0.665,ai_analyzed,2025-12-31 16:08:33.745000
69539e8f5e3907ba620000dc,ê³ ìë˜ê¸°,-0.997,ai_analyzed,2025-12-31 16:08:33.763000
69539e8f5e3907ba620000dd,ê·¼ìê°,-0.982,ai_analyzed,2025-12-31 16:08:33.779000
69539e8f5e3907ba620000de,ë‚´ ë§ˆìŒ ì†ì— ì €ì¥,0.998,ai_analyzed,2025-12-31 16:08:33.796000
69539e8f5e3907ba620000df,ë‚˜ë¥¼ ë”°ë¥´ë¼,0.883,ai_analyzed,2025-12-31 16:08:33.812000
69539e8f5e3907ba620000e0,ê´‘ê³ /ìœ í–‰ì–´,-0.486,ai_analyzed,2025-12-31 16:08:33.828000
69539e8f5e3907ba620000e1,êµ­ë¯¼ â—‹â—‹,0.979,ai_analyzed,2025-12-31 16:08:33.842000
69539e8f5e3907ba620000e2,ë‚´ê°€ ì´ëŸ¬ë ¤ê³  ëŒ€í†µë ¹ì„ í–ˆë‚˜,-0.995,ai_analyzed,2025-12-31 16:08:33.859000
69539e8f5e3907ba620000e3,ê´´ë„,-0.946,ai_analyzed,2025-12-31 16:08:33.873000
69539e8f5e3907ba620000e4,ëƒ„ë¹„,-0.559,ai_analyzed,2025-12-31 16:08:33.885000
69539e8f5e3907ba620000e5,ë‚´ë ¤ê°ˆ íŒ€ì€ ë‚´ë ¤ê°„ë‹¤/ì˜ˆì‹œ/eìŠ¤í¬ì¸ ,0.884,ai_analyzed,2025-12-31 16:08:33.903000
69539e8f5e3907ba620000e6,ê¶Œì•…ì§•ì„ ,-0.801,ai_analyzed,2025-12-31 16:08:33.920000
69539e8f5e3907ba620000e7,ë„ˆì–´ëŠ” ì§„ì§œ,-0.571,ai_analyzed,2025-12-31 16:08:33.936000
69539e8f5e3907ba620000e8,ê½ê¸°ê½ê¸°í•˜ë‹¤,-0.996,ai_analyzed,2025-12-31 16:08:33.953000
69539e8f5e3907ba620000e9,ë‚¨í˜ëª°ì´,-0.996,ai_analyzed,2025-12-31 16:08:33.970000
69539e8f5e3907ba620000ea,ê¹Œì„ë°©ì§€ê¶Œ,-0.945,ai_analyzed,2025-12-31 16:08:33.987000
69539e8f5e3907ba620000eb,ê·¸ ì•ˆì— ì—†ì—ˆê±°ë“ ,-0.599,ai_analyzed,2025-12-31 16:08:34.005000
69539e8f5e3907ba620000ec,ë„Œ is ë­”ë“¤(ìœ í–‰ì–´),-0.951,ai_analyzed,2025-12-31 16:08:34.023000
69539e8f5e3907ba620000ed,ê·¸ëœì ˆ,-0.558,ai_analyzed,2025-12-31 16:08:34.037000
69539e8f5e3907ba620000ee,ë‚ ë°©,0.0,ai_analyzed,2025-12-31 16:08:34.054000
69539e8f5e3907ba620000ef,ë„ˆë¬´ í¥ë¶„í•´ì„œ ì˜ì–´ê°€ ë‚˜ì™”ë„¤ìš”,0.851,ai_analyzed,2025-12-31 16:08:34.073000
69539e8f5e3907ba620000f0,ê·¼ë“¤ê°‘,0.571,ai_analyzed,2025-12-31 16:08:34.090000
69539e8f5e3907ba620000f1,ê³¨ë“œë¯¸ìŠ¤,-0.956,ai_analyzed,2025-12-31 16:08:34.103000
69539e8f5e3907ba620000f2,ê»Œê°’,-0.994,ai_analyzed,2025-12-31 16:08:34.120000
69539e8f5e3907ba620000f3,ë‚‰ì—¬ì˜¤ê±°ë¼,0.826,ai_analyzed,2025-12-31 16:08:34.136000
69539e8f5e3907ba620000f4,ê·€ì°¨ë‹ˆì¦˜,-0.993,ai_analyzed,2025-12-31 16:08:34.154000
69539e8f5e3907ba620000f5,ë„ˆë‚Œ,-0.96,ai_analyzed,2025-12-31 16:08:34.169000
69539e8f5e3907ba620000f6,ê½ƒê¸¸ë§Œ ê±·ì,0.807,ai_analyzed,2025-12-31 16:08:34.185000
69539e8f5e3907ba620000f7,ê¶Œë ¥ë‚¨ìš©,-0.99,ai_analyzed,2025-12-31 16:08:34.198000
69539e8f5e3907ba620000f8,ê¸ˆì‚ê¹Œ,0.994,ai_analyzed,2025-12-31 16:08:34.216000
69539e8f5e3907ba620000f9,ê¸‰ì‹ì²´,-0.993,ai_analyzed,2025-12-31 16:08:34.231000
69539e8f5e3907ba620000fa,ë‚´ë ¤ê°ˆ íŒ€ì€ ë‚´ë ¤ê°„ë‹¤/ì˜ˆì‹œ,0.631,ai_analyzed,2025-12-31 16:08:34.244000
69539e8f5e3907ba620000fb,ë„Œê·¸ë¶ˆ,-0.889,ai_analyzed,2025-12-31 16:08:34.262000
69539e8f5e3907ba620000fc,ê·¸ë¤ ì‡,-0.352,ai_analyzed,2025-12-31 16:08:34.279000
69539e8f5e3907ba620000fd,ë‚¨ì‹ ,-0.163,ai_analyzed,2025-12-31 16:08:34.296000
69539e8f5e3907ba620000fe,ê³¼ë¶€ ì œì¡°ê¸°,-0.994,ai_analyzed,2025-12-31 16:08:34.309000
69539e8f5e3907ba620000ff,ê´€í¬,0.269,ai_analyzed,2025-12-31 16:08:34.326000
69539e8f5e3907ba62000100,ë‚˜ëŠ” ë‚˜ë¼ ë‹¤ íŒ”ì•„ë¨¹ì–´ë„ ìƒˆëˆ„ë¦¬ë‹¹ì´ì—ìš”,-0.983,ai_analyzed,2025-12-31 16:08:34.344000
69539e8f5e3907ba62000101,ë‚œ ëˆ„êµ°ê°€ ë˜ ì—¬ê¸´ ì–´ë”˜ê°€,0.515,ai_analyzed,2025-12-31 16:08:34.359000
69539e8f5e3907ba62000102,ê·¸ëŸ°ë° ê·¸ê²ƒì´ ì‹¤ì œë¡œ ì¼ì–´ë‚¬ìŠµë‹ˆë‹¤,0.933,ai_analyzed,2025-12-31 16:08:34.377000
69539e8f5e3907ba62000103,ê·¸ë‹˜í‹°,0.49,ai_analyzed,2025-12-31 16:08:34.391000
69539f68b22dbb67a119d1b1,ëŒ€ì¶© ë“œë¦½,-0.919,ai_analyzed,2025-12-31 16:08:34.406000
69539f68b22dbb67a119d1b2,ë’·ë‹´í™”,-0.289,ai_analyzed,2025-12-31 16:08:34.421000
69539f68b22dbb67a119d1b3,ë ˆë“œë„¥,0.54,ai_analyzed,2025-12-31 16:08:34.438000
69539f68b22dbb67a119d1b4,ë¦¬ë²„í’€ì€ ì¤‘ìœ„ê¶Œì´ ë”±ì´ì•¼,-0.971,ai_analyzed,2025-12-31 16:08:34.452000
69539f68b22dbb67a119d1b5,ëˆë‹¤ì¼€,0.955,ai_analyzed,2025-12-31 16:08:34.469000
69539f68b22dbb67a119d1b6,ëšë”±ì´(ìœ í–‰ì–´),-0.609,ai_analyzed,2025-12-31 16:08:34.487000
69539f68b22dbb67a119d1b7,ë§ë¬´ìƒˆ,-0.994,ai_analyzed,2025-12-31 16:08:34.504000
69539f68b22dbb67a119d1b8,ë“œë¼êµ° ë†€ì´,-0.974,ai_analyzed,2025-12-31 16:08:34.521000
69539f68b22dbb67a119d1b9,ë””ì‹œì§ˆ,-0.991,ai_analyzed,2025-12-31 16:08:34.538000
69539f68b22dbb67a119d1ba,ë„¤ ë†ˆì„ ì‚´ë ¤ë‘ê¸´ ìŒ€ì´ ì•„ê¹Œì›Œ!,0.811,ai_analyzed,2025-12-31 16:08:34.555000
69539f68b22dbb67a119d1bb,ë¡œë‚˜ë¡œë‚˜ë•…/ë°ˆ,-0.985,ai_analyzed,2025-12-31 16:08:34.575000
69539f68b22dbb67a119d1bc,ë  ë†ˆì€ ëœë‹¤,-0.941,ai_analyzed,2025-12-31 16:08:34.591000
69539f68b22dbb67a119d1bd,ë”°ë´‰ë§¨,-0.942,ai_analyzed,2025-12-31 16:08:34.608000
69539f68b22dbb67a119d1be,ëŠë‹˜,-0.547,ai_analyzed,2025-12-31 16:08:34.621000
69539f68b22dbb67a119d1bf,ë§Œë¸ë¼ íš¨ê³¼,0.378,ai_analyzed,2025-12-31 16:08:34.636000
69539f68b22dbb67a119d1c0,ë˜¥ì°¨(ì†ì–´),-0.952,ai_analyzed,2025-12-31 16:08:34.654000
69539f68b22dbb67a119d1c1,ë§Œë¬¼ì—¬í˜ì„¤,-0.958,ai_analyzed,2025-12-31 16:08:34.671000
69539f68b22dbb67a119d1c2,ëŒ€ëŒ€ì „ì¸,0.491,ai_analyzed,2025-12-31 16:08:34.687000
69539f68b22dbb67a119d1c3,ë‹¹ì¥ í•˜ì,-0.993,ai_analyzed,2025-12-31 16:08:34.701000
69539f68b22dbb67a119d1c4,ë§‰ê·€,0.956,ai_analyzed,2025-12-31 16:08:34.716000
69539f68b22dbb67a119d1c5,ë” í° ë°”ë³´ ì´ë¡ ,-0.976,ai_analyzed,2025-12-31 16:08:34.733000
69539f68b22dbb67a119d1c6,ë†€ë„ ë…¸,-0.967,ai_analyzed,2025-12-31 16:08:34.748000
69539f68b22dbb67a119d1c7,ë‡Œì„¹,0.897,ai_analyzed,2025-12-31 16:08:34.764000
69539f68b22dbb67a119d1c8,ë…¼ë¦¬ì™•,0.884,ai_analyzed,2025-12-31 16:08:34.775000
69539f68b22dbb67a119d1c9,ë„í”Œê°±ì–´(ë™ìŒì´ì˜ì–´),-0.792,ai_analyzed,2025-12-31 16:08:34.793000
69539f68b22dbb67a119d1ca,ë§‘ì€ ëˆˆì˜ ê´‘ì¸,0.769,ai_analyzed,2025-12-31 16:08:34.810000
69539f68b22dbb67a119d1cb,ë„ì•¼ê°€ì˜¤,-0.885,ai_analyzed,2025-12-31 16:08:34.824000
69539f68b22dbb67a119d1cc,ë¥˜ìŠ¹ë£¡ ê¸°ëª¨ì°Œ!,0.185,ai_analyzed,2025-12-31 16:08:34.839000
69539f68b22dbb67a119d1cd,ë§Œë¬¼XXì„¤,-0.546,ai_analyzed,2025-12-31 16:08:34.858000
69539f68b22dbb67a119d1ce,ë”°ë´‰,0.995,ai_analyzed,2025-12-31 16:08:34.876000
69539f68b22dbb67a119d1cf,ë„˜ì‚¬ë²½,0.973,ai_analyzed,2025-12-31 16:08:34.892000
69539f68b22dbb67a119d1d0,ëŠë‚Œì ì¸ ëŠë‚Œ,0.89,ai_analyzed,2025-12-31 16:08:34.909000
69539f68b22dbb67a119d1d1,ë‹¤ë¦¬ ë”°ìœ„ëŠ” ì¥ì‹ì…ë‹ˆë‹¤,-0.926,ai_analyzed,2025-12-31 16:08:34.923000
69539f68b22dbb67a119d1d2,ë‹¨ì–¸ì»¨ëŒ€,-0.83,ai_analyzed,2025-12-31 16:08:34.941000
69539f68b22dbb67a119d1d3,ë‡Œí”¼ì…œ,0.177,ai_analyzed,2025-12-31 16:08:34.954000
69539f68b22dbb67a119d1d4,ë„ë•ì±…,0.738,ai_analyzed,2025-12-31 16:08:34.971000
69539f68b22dbb67a119d1d5,ë‹¤ì´ì•„ëª¬ë“œìˆ˜ì €,-0.094,ai_analyzed,2025-12-31 16:08:34.985000
69539f68b22dbb67a119d1d6,ëŒì¥ì¬ë”,0.209,ai_analyzed,2025-12-31 16:08:34.999000
69539f68b22dbb67a119d1d7,ë¦¬ì–¼,0.953,ai_analyzed,2025-12-31 16:08:35.016000
69539f68b22dbb67a119d1d8,ë§Œì°¢,-0.969,ai_analyzed,2025-12-31 16:08:35.034000
69539f68b22dbb67a119d1d9,ë£¨ì´ìŠ¤ì˜ ë²•ì¹™,0.797,ai_analyzed,2025-12-31 16:08:35.052000
69539f68b22dbb67a119d1da,ëŒ€ë°•,0.886,ai_analyzed,2025-12-31 16:08:35.064000
69539f68b22dbb67a119d1db,ë“±íŒ,0.19,ai_analyzed,2025-12-31 16:08:35.081000
69539f68b22dbb67a119d1dc,ëŒ€ë¨¸ë¦¬ ê¹ì•„ë¼,-0.991,ai_analyzed,2025-12-31 16:08:35.097000
69539f68b22dbb67a119d1dd,ëˆ„êµ¬ë³´ë‹¤ ë¹ ë¥´ê²Œ ë‚œ ë‚¨ë“¤ê³¼ëŠ” ë‹¤ë¥´ê²Œ,0.953,ai_analyzed,2025-12-31 16:08:35.115000
69539f68b22dbb67a119d1de,ë‹¨ì§ ,0.995,ai_analyzed,2025-12-31 16:08:35.128000
69539f68b22dbb67a119d1df,ë“œë¼ë§ˆíì¸,-0.866,ai_analyzed,2025-12-31 16:08:35.145000
69539f68b22dbb67a119d1e0,ë˜¥ê¼¬ì‡¼,-0.928,ai_analyzed,2025-12-31 16:08:35.163000
69539f68b22dbb67a119d1e1,ë‹¤ ì‚´ë ¤ë‚¼ê±°ë‹ˆê¹Œ,-0.142,ai_analyzed,2025-12-31 16:08:35.176000
69539f68b22dbb67a119d1e2,ë§‰ ì´ë˜,-0.958,ai_analyzed,2025-12-31 16:08:35.190000
69539f68b22dbb67a119d1e3,ë¦¬ë”ëŠ” ë¬µì§í•´ì•¼ í•œë‹¤,0.97,ai_analyzed,2025-12-31 16:08:35.206000
69539f68b22dbb67a119d1e4,ë§ë‘ì¹´ìš°,-0.376,ai_analyzed,2025-12-31 16:08:35.223000
69539f68b22dbb67a119d1e5,ë§ê´€ì‚½ì§ˆ,-0.997,ai_analyzed,2025-12-31 16:08:35.237000
69539f68b22dbb67a119d1e6,ëŒ€ëŒ€ê°•ê´‘,0.952,ai_analyzed,2025-12-31 16:08:35.252000
69539f68b22dbb67a119d1e7,ëŒ€ì¡ì§ì›,-0.992,ai_analyzed,2025-12-31 16:08:35.266000
69539f68b22dbb67a119d1e8,ë§ê°€ì ¸ì„œ ìœ ëª…í•´ì§„ ê²ƒë“¤,-0.991,ai_analyzed,2025-12-31 16:08:35.283000
69539f68b22dbb67a119d1e9,ë”°ë¦¬,-0.388,ai_analyzed,2025-12-31 16:08:35.299000
69539f68b22dbb67a119d1ea,ëŒ•ëŒ•ì´,-0.909,ai_analyzed,2025-12-31 16:08:35.315000
69539f68b22dbb67a119d1eb,ë˜ëŠ”ë°ìš”,0.032,ai_analyzed,2025-12-31 16:08:35.330000
69539f68b22dbb67a119d1ec,ë„ì„œê´€ì¡±,-0.856,ai_analyzed,2025-12-31 16:08:35.346000
69539f68b22dbb67a119d1ed,ë§ˆë‹´ëšœ,-0.26,ai_analyzed,2025-12-31 16:08:35.364000
69539f68b22dbb67a119d1ee,ëˆ„êµ¬ ë¬¼ì–´ë³´ì‹  ë¶„?,0.488,ai_analyzed,2025-12-31 16:08:35.382000
69539f68b22dbb67a119d1ef,ë‹´ê¸ˆì§ˆ,0.83,ai_analyzed,2025-12-31 16:08:35.398000
69539f68b22dbb67a119d1f0,ë‘¥ì§€ìŒ€êµ­ìˆ˜ ëšë°°ê¸°/CF,0.889,ai_analyzed,2025-12-31 16:08:35.415000
69539f68b22dbb67a119d1f1,ë‹ë„¤,0.993,ai_analyzed,2025-12-31 16:08:35.433000
69539f68b22dbb67a119d1f2,ë ˆë²¨ì„ ì˜¬ë ¤ì„œ ë¬¼ë¦¬ë¡œ ë•Œë¦¬ë©´ ëœë‹¤,0.078,ai_analyzed,2025-12-31 16:08:35.452000
69539f68b22dbb67a119d1f3,ë””ì§€í„¸ ë””í†¡ìŠ¤,0.996,ai_analyzed,2025-12-31 16:08:35.468000
69539f68b22dbb67a119d1f4,ë§í–ˆì–´ìš”,-0.993,ai_analyzed,2025-12-31 16:08:35.485000
69539f68b22dbb67a119d1f5,ëŠì¢‹,0.886,ai_analyzed,2025-12-31 16:08:35.502000
69539f68b22dbb67a119d1f6,ë§¤ì˜ ëˆˆ,-0.967,ai_analyzed,2025-12-31 16:08:35.520000
69539f68b22dbb67a119d1f7,ë§ˆë”°ì°Œì°Œ,-0.472,ai_analyzed,2025-12-31 16:08:35.533000
69539f68b22dbb67a119d1f8,ë‹¤ì´í•œë¯¼ì½”ì¿ ,-0.823,ai_analyzed,2025-12-31 16:08:35.551000
69539f68b22dbb67a119d1f9,ë‹µì€ [ì¡ìŠ¤]ë‹¤,-0.935,ai_analyzed,2025-12-31 16:08:35.569000
69539f68b22dbb67a119d1fa,ë‹µë‹µí•´ì„œ ë‚´ê°€ ì¹œë‹¤,-0.996,ai_analyzed,2025-12-31 16:08:35.582000
69539f68b22dbb67a119d1fb,ë•ì½”,0.995,ai_analyzed,2025-12-31 16:08:35.595000
69539f68b22dbb67a119d1fc,ëŒ€ë§ˆë²•ì‚¬,0.685,ai_analyzed,2025-12-31 16:08:35.608000
69539f68b22dbb67a119d1fd,ë•ê³„ëª»,-0.511,ai_analyzed,2025-12-31 16:08:35.626000
69539f68b22dbb67a119d1fe,ë©í•´ë„ë¼?/ìœ í–‰ì–´,-0.536,ai_analyzed,2025-12-31 16:08:35.641000
69539f68b22dbb67a119d1ff,ë¦¬ë²„í’€ ë¹…í´ëŸ½ ì•„ë‹ˆì•¼,-0.661,ai_analyzed,2025-12-31 16:08:35.656000
69539f68b22dbb67a119d200,ë§ë¶•,-0.976,ai_analyzed,2025-12-31 16:08:35.674000
69539f68b22dbb67a119d201,ë°í—·,0.765,ai_analyzed,2025-12-31 16:08:35.691000
69539f68b22dbb67a119d202,ë¡¬ê³¡ì˜¾ëˆ,0.585,ai_analyzed,2025-12-31 16:08:35.705000
69539f68b22dbb67a119d203,ë‹¤ì´,-0.465,ai_analyzed,2025-12-31 16:08:35.723000
69539f68b22dbb67a119d204,ë‹ˆë“¤ì´ ê²Œë§›ì„ ì•Œì–´,-0.887,ai_analyzed,2025-12-31 16:08:35.740000
69539f68b22dbb67a119d205,ë ˆê¸°,-0.989,ai_analyzed,2025-12-31 16:08:35.758000
69539f68b22dbb67a119d206,ë˜¥ë³„,-0.993,ai_analyzed,2025-12-31 16:08:35.774000
69539f68b22dbb67a119d207,ë ˆë°”ë®Œ,-0.714,ai_analyzed,2025-12-31 16:08:35.790000
69539f68b22dbb67a119d208,ë§ˆë„ì™•,0.651,ai_analyzed,2025-12-31 16:08:35.803000
69539f68b22dbb67a119d209,ë ë¡œë¦¬,-0.849,ai_analyzed,2025-12-31 16:08:35.821000
69539f68b22dbb67a119d20a,ë‹´íƒ±ì´,0.996,ai_analyzed,2025-12-31 16:08:35.837000
69539f68b22dbb67a119d20b,ë•…ê·¸ì§€,-0.983,ai_analyzed,2025-12-31 16:08:35.853000
69539f68b22dbb67a119d20c,ë“œë¦½ë“œë¦½,0.821,ai_analyzed,2025-12-31 16:08:35.867000
69539f68b22dbb67a119d20d,ë–¡ì¥ê°‘,-0.988,ai_analyzed,2025-12-31 16:08:35.885000
69539f68b22dbb67a119d20e,ë„¤ê°€ í•œë²ˆ ë§Œë“¤ì–´ ë´ë¼,-0.945,ai_analyzed,2025-12-31 16:08:35.902000
69539f68b22dbb67a119d20f,ë”ì´ìƒì€ naver...,-0.985,ai_analyzed,2025-12-31 16:08:35.920000
69539f68b22dbb67a119d210,ë‹¹ê·¼(íŒŒìƒ ì†ì–´),-0.757,ai_analyzed,2025-12-31 16:08:35.938000
69539f68b22dbb67a119d211,ë‹ê²,-0.311,ai_analyzed,2025-12-31 16:08:35.955000
69539f68b22dbb67a119d212,ëŸ¬(ì ‘ì‚¬),-0.892,ai_analyzed,2025-12-31 16:08:35.971000
69539f68b22dbb67a119d213,ë”œêµ,-0.909,ai_analyzed,2025-12-31 16:08:35.987000
69539f68b22dbb67a119d214,ì‚¬ì´ë‹¤(ìœ í–‰ì–´),-0.643,ai_analyzed,2025-12-31 16:08:36.007000
69539f68b22dbb67a119d215,ã…‚,0.324,ai_analyzed,2025-12-31 16:08:36.018000
69539f68b22dbb67a119d216,ë°¤í‹°,0.366,ai_analyzed,2025-12-31 16:08:36.035000
69539f68b22dbb67a119d217,ë²½ì¹˜ê¸°,-0.992,ai_analyzed,2025-12-31 16:08:36.053000
69539f68b22dbb67a119d218,ë±€ìƒˆë¼,-0.88,ai_analyzed,2025-12-31 16:08:36.070000
69539f68b22dbb67a119d219,ì„¸ì ¤,0.563,ai_analyzed,2025-12-31 16:08:36.087000
69539f68b22dbb67a119d21a,ë°°ì§±ì¥ì‚¬,-0.852,ai_analyzed,2025-12-31 16:08:36.102000
69539f68b22dbb67a119d21b,ë¯¿ê±°ë‚˜ ë§ê±°ë‚˜,-0.947,ai_analyzed,2025-12-31 16:08:36.120000
69539f68b22dbb67a119d21c,ë­ì•¼ ì‹œë°œ ëŒë ¤ì¤˜ìš”,-0.997,ai_analyzed,2025-12-31 16:08:36.137000
69539f68b22dbb67a119d21d,ë¯¸ê°œ,-0.989,ai_analyzed,2025-12-31 16:08:36.150000
69539f68b22dbb67a119d21e,ë°”ì˜¤ë”©ì‹œ í—ˆë² ì´ëŒ€í•™ ì‹ ìº í¼ìŠ¤ ëº‘ì†Œë‹ˆ ì‚¬ê±´,0.279,ai_analyzed,2025-12-31 16:08:36.169000
69539f68b22dbb67a119d21f,ìƒëª…ì—°ì¥ì˜ ê¿ˆ,0.786,ai_analyzed,2025-12-31 16:08:36.186000
69539f68b22dbb67a119d220,ë¬»ì§€ë§ˆ,-0.978,ai_analyzed,2025-12-31 16:08:36.204000
69539f68b22dbb67a119d221,ë¯¿ê¸°ì§€ ì•ŠëŠ” ìƒí™©ì´ í¼ì³ì¡ŒìŠµë‹ˆë‹¤,-0.339,ai_analyzed,2025-12-31 16:08:36.221000
69539f68b22dbb67a119d222,ëª¨ë‹ë˜¥,-0.9,ai_analyzed,2025-12-31 16:08:36.236000
69539f68b22dbb67a119d223,ì‚´ë ¤ì•¼í•œë‹¤,-0.585,ai_analyzed,2025-12-31 16:08:36.254000
69539f68b22dbb67a119d224,ì‚¬ê³¼ìƒì,-0.779,ai_analyzed,2025-12-31 16:08:36.273000
69539f68b22dbb67a119d225,ì‚¼ì í™”,-0.924,ai_analyzed,2025-12-31 16:08:36.290000
69539f68b22dbb67a119d226,ë¯¿ê³  ì“°ëŠ” â—‹â—‹ì‚°,0.998,ai_analyzed,2025-12-31 16:08:36.304000
69539f68b22dbb67a119d227,ë³´ì†Œ,-0.913,ai_analyzed,2025-12-31 16:08:36.321000
69539f68b22dbb67a119d228,ë©€í‹°,-0.449,ai_analyzed,2025-12-31 16:08:36.338000
69539f68b22dbb67a119d229,ë©”ê°€ë°ë ˆ,-0.735,ai_analyzed,2025-12-31 16:08:36.354000
69539f68b22dbb67a119d22a,ìˆ˜ìˆ˜ê¹¡(Kë¦¬ê·¸),-0.958,ai_analyzed,2025-12-31 16:08:36.372000
69539f68b22dbb67a119d22b,ë°¥ë²Œë ˆ,-0.309,ai_analyzed,2025-12-31 16:08:36.389000
69539f68b22dbb67a119d22c,ëª¨í…Œí‚¤,-0.797,ai_analyzed,2025-12-31 16:08:36.401000
69539f68b22dbb67a119d22d,ë²„ë¡œìš°ë¹µ,-0.995,ai_analyzed,2025-12-31 16:08:36.419000
69539f68b22dbb67a119d22e,ë°”ë‚˜ë‚˜ ìŠ¤ì¼€ì¼,-0.781,ai_analyzed,2025-12-31 16:08:36.438000
69539f68b22dbb67a119d22f,ì†ì–´Â·ìœ í–‰ì–´ ê´€ë ¨ ì •ë³´,-0.966,ai_analyzed,2025-12-31 16:08:36.454000
69539f68b22dbb67a119d230,ë©”íƒ€,-0.849,ai_analyzed,2025-12-31 16:08:36.472000
69539f68b22dbb67a119d231,ì†Œì†¡ë“œë¦½,-0.756,ai_analyzed,2025-12-31 16:08:36.491000
69539f68b22dbb67a119d232,ë§¨ìœ  ê³µí™”êµ­,0.914,ai_analyzed,2025-12-31 16:08:36.507000
69539f68b22dbb67a119d233,ë¨¹ê³ ì‚¬ë‹ˆì¦˜,-0.471,ai_analyzed,2025-12-31 16:08:36.520000
69539f68b22dbb67a119d234,ë°•ëŒ€ë¦¬,0.853,ai_analyzed,2025-12-31 16:08:36.539000
69539f68b22dbb67a119d235,ë¶€ê¸°,-0.801,ai_analyzed,2025-12-31 16:08:36.555000
69539f68b22dbb67a119d236,ì„¸ê¸ˆ ë„ë‘‘,-0.889,ai_analyzed,2025-12-31 16:08:36.571000
69539f68b22dbb67a119d237,ì„¸ì²´,-0.788,ai_analyzed,2025-12-31 16:08:36.584000
69539f68b22dbb67a119d238,ì„¸ë¥œ,-0.946,ai_analyzed,2025-12-31 16:08:36.601000
69539f68b22dbb67a119d239,ë¨¹ì–´ë êµ¬ìŠ¤íƒ€í”„,0.906,ai_analyzed,2025-12-31 16:08:36.618000
69539f68b22dbb67a119d23a,ë¶€ë¡ íŠ¸ì”¨,0.883,ai_analyzed,2025-12-31 16:08:36.636000
69539f68b22dbb67a119d23b,ë³´ë¼ë‹ˆ,0.839,ai_analyzed,2025-12-31 16:08:36.655000
69539f68b22dbb67a119d23c,ë³µë³µë‚³,0.957,ai_analyzed,2025-12-31 16:08:36.672000
69539f68b22dbb67a119d23d,ì‚¬ì¶•,-0.991,ai_analyzed,2025-12-31 16:08:36.684000
69539f68b22dbb67a119d23e,ì‚´ì¸ìŠ¤í…,-0.985,ai_analyzed,2025-12-31 16:08:36.700000
69539f68b22dbb67a119d23f,ã…ƒ,0.443,ai_analyzed,2025-12-31 16:08:36.717000
69539f68b22dbb67a119d240,ì‚¬ëŒì„ ë‚šëŠ” ì–´ë¶€,-0.768,ai_analyzed,2025-12-31 16:08:36.734000
69539f68b22dbb67a119d241,ë°œë¦¬ë‹¤,-0.516,ai_analyzed,2025-12-31 16:08:36.748000
69539f68b22dbb67a119d242,ë¬´ìŠ¨ ì£„,-0.989,ai_analyzed,2025-12-31 16:08:36.766000
69539f68b22dbb67a119d243,ë¯¸ë§Œì¡,-0.575,ai_analyzed,2025-12-31 16:08:36.783000
69539f68b22dbb67a119d244,ì†”ê¹Œë§,-0.993,ai_analyzed,2025-12-31 16:08:36.800000
69539f68b22dbb67a119d245,ë¯€í£,0.941,ai_analyzed,2025-12-31 16:08:36.817000
69539f68b22dbb67a119d246,ì‚¬ì´í…Œ/ìœ í–‰ì–´ ë° ê³ ì • ë©˜íŠ¸,-0.614,ai_analyzed,2025-12-31 16:08:36.834000
69539f68b22dbb67a119d247,ë¯¸ë…€ì™€ ì•¼ìˆ˜(ë™ìŒì´ì˜ì–´),-0.469,ai_analyzed,2025-12-31 16:08:36.851000
69539f68b22dbb67a119d248,ì†íƒ€ì¿ ,-0.385,ai_analyzed,2025-12-31 16:08:36.870000
69539f68b22dbb67a119d249,ë¶€ë“¤ë¶€ë“¤,-0.997,ai_analyzed,2025-12-31 16:08:36.890000
69539f68b22dbb67a119d24a,ì…”í‹€(ì†ì–´),-0.975,ai_analyzed,2025-12-31 16:08:36.904000
69539f68b22dbb67a119d24b,ì„œë¯¼ ì½”ìŠ¤í”„ë ˆ,-0.982,ai_analyzed,2025-12-31 16:08:36.919000
69539f68b22dbb67a119d24c,ëª…ëŒ€ì‚¬,0.945,ai_analyzed,2025-12-31 16:08:36.933000
69539f68b22dbb67a119d24d,ë¬´ëŒ€ë¥¼ ë’¤ì§‘ì–´ ë†“ìœ¼ì…¨ë‹¤,0.978,ai_analyzed,2025-12-31 16:08:36.952000
69539f68b22dbb67a119d24e,ë­˜ ì¢‹ì•„í•˜ëŠ”ì§€ ëª°ë¼ì„œ,-0.995,ai_analyzed,2025-12-31 16:08:36.970000
69539f68b22dbb67a119d24f,ë¬¸ì°,0.635,ai_analyzed,2025-12-31 16:08:36.984000
69539f68b22dbb67a119d250,ëª…ì‚¬ëª…ì‚¬í•˜ë‹¤,0.965,ai_analyzed,2025-12-31 16:08:37.002000
69539f68b22dbb67a119d251,ì„±ê³µì ,0.943,ai_analyzed,2025-12-31 16:08:37.016000
69539f68b22dbb67a119d252,ìƒí™œì •ì¹˜,0.985,ai_analyzed,2025-12-31 16:08:37.033000
69539f68b22dbb67a119d253,ì‚­ì œí•´ë¼ ì• ì†¡ì´,-0.992,ai_analyzed,2025-12-31 16:08:37.051000
69539f68b22dbb67a119d254,ì†”ë¡œë¶€ëŒ€,-0.885,ai_analyzed,2025-12-31 16:08:37.064000
69539f68b22dbb67a119d255,ë°˜ê³ ,0.915,ai_analyzed,2025-12-31 16:08:37.078000
69539f68b22dbb67a119d256,ì„¸ì´ë¸Œ ì¡°ì‘ë‹¨,-0.977,ai_analyzed,2025-12-31 16:08:37.093000
69539f68b22dbb67a119d257,ì„±í˜• ê´´ë¬¼,-0.984,ai_analyzed,2025-12-31 16:08:37.106000
69539f68b22dbb67a119d258,ë§¨ìŠ¤í”Œë ˆì¸,-0.859,ai_analyzed,2025-12-31 16:08:37.124000
69539f68b22dbb67a119d259,ë¶ˆì´ì•¼!,0.822,ai_analyzed,2025-12-31 16:08:37.141000
69539f68b22dbb67a119d25a,ì‚¼ì‹ ê¸°,-0.962,ai_analyzed,2025-12-31 16:08:37.160000
69539f68b22dbb67a119d25b,ë¯¿ê±°íŠ¸,0.917,ai_analyzed,2025-12-31 16:08:37.178000
69539f68b22dbb67a119d25c,ì„¸ìƒì€ ë„“ê³  ë³‘ì‹ ì€ ë§ë‹¤,0.917,ai_analyzed,2025-12-31 16:08:37.196000
69539f68b22dbb67a119d25d,ã……,0.191,ai_analyzed,2025-12-31 16:08:37.210000
69539f68b22dbb67a119d25e,ì†”ë¡œì²œêµ­ ì»¤í”Œì§€ì˜¥,-0.993,ai_analyzed,2025-12-31 16:08:37.226000
69539f68b22dbb67a119d25f,ë¹µê¾¸ë˜¥ê¾¸,0.022,ai_analyzed,2025-12-31 16:08:37.239000
69539f68b22dbb67a119d260,ë°˜ê°‘êµ¬ë§Œ ë°˜ê°€ì›Œìš”,0.973,ai_analyzed,2025-12-31 16:08:37.258000
69539f68b22dbb67a119d261,ìƒë‚¨ì,0.953,ai_analyzed,2025-12-31 16:08:37.277000
69539f68b22dbb67a119d262,ë§¨,-0.164,ai_analyzed,2025-12-31 16:08:37.295000
69539f68b22dbb67a119d263,ë¿Œì‰ë¿Œì‰,0.344,ai_analyzed,2025-12-31 16:08:37.314000
69539f68b22dbb67a119d264,ë¹ ë„,0.896,ai_analyzed,2025-12-31 16:08:37.331000
69539f68b22dbb67a119d265,ë½•,0.897,ai_analyzed,2025-12-31 16:08:37.348000
69539f68b22dbb67a119d266,ë¶ì¹˜ê¸° ë°•ì¹˜ê¸°,-0.976,ai_analyzed,2025-12-31 16:08:37.362000
69539f68b22dbb67a119d267,ì„¸ì´ì½˜ ë“œë¦½,-0.869,ai_analyzed,2025-12-31 16:08:37.379000
69539f68b22dbb67a119d268,ì„±ì§„êµ­,-0.97,ai_analyzed,2025-12-31 16:08:37.396000
69539f68b22dbb67a119d269,ì‡¼í†µ,0.993,ai_analyzed,2025-12-31 16:08:37.413000
69539f68b22dbb67a119d26a,ìƒì¡´ì™•,0.92,ai_analyzed,2025-12-31 16:08:37.431000
69539f68b22dbb67a119d26b,ë°˜ì˜¤ì‹­,0.65,ai_analyzed,2025-12-31 16:08:37.448000
69539f68b22dbb67a119d26c,ë°±ì„¸ì¸ìƒ,0.97,ai_analyzed,2025-12-31 16:08:37.464000
69539f68b22dbb67a119d26d,ë¶€ë¶„,-0.921,ai_analyzed,2025-12-31 16:08:37.481000
69539f68b22dbb67a119d26e,ë½€ë¡,-0.494,ai_analyzed,2025-12-31 16:08:37.495000
69539f68b22dbb67a119d26f,ì†Œí˜œì•¼ ê°€ìˆ˜ê°€ í•˜ê³  ì‹¶ì–´?,-0.996,ai_analyzed,2025-12-31 16:08:37.514000
69539f68b22dbb67a119d270,ë»”í•  ë»”,-0.963,ai_analyzed,2025-12-31 16:08:37.529000
69539f68b22dbb67a119d271,ì„œì„±ì€/ëª…ëŒ€ì‚¬,0.974,ai_analyzed,2025-12-31 16:08:37.543000
69539f68b22dbb67a119d272,ëª»ë‚œ ë†ˆë“¤ì€ ì„œë¡œ ì–¼êµ´ë§Œ ë´ë„ í¥ê²¹ë‹¤,-0.083,ai_analyzed,2025-12-31 16:08:37.562000
69539f68b22dbb67a119d273,ë©”ìŠ¤ê°€í‚¤,-0.768,ai_analyzed,2025-12-31 16:08:37.579000
69539f68b22dbb67a119d274,ë¿Œë¿Œë½•,-0.305,ai_analyzed,2025-12-31 16:08:37.593000
69539f68b22dbb67a119d275,ì‚¬ë‘ì…ë‹ˆë‹¤,0.922,ai_analyzed,2025-12-31 16:08:37.609000
69539f68b22dbb67a119d276,ì†Œì‹ì¢Œ,0.486,ai_analyzed,2025-12-31 16:08:37.626000
69539f68b22dbb67a119d277,ë½€ì§,0.871,ai_analyzed,2025-12-31 16:08:37.642000
69539f68b22dbb67a119d278,ì„¸í˜¸ì•¼ ë˜ ì†ëƒ!!,-0.996,ai_analyzed,2025-12-31 16:08:37.658000
69539f68b22dbb67a119d279,ë¹„í˜¼ ë¹„ì¶œì‚°,-0.954,ai_analyzed,2025-12-31 16:08:37.676000
69539f68b22dbb67a119d27a,ì”¨ë°œì•„ì¤Œë§ˆ,-0.255,ai_analyzed,2025-12-31 16:08:37.694000
69539f68b22dbb67a119d27b,ì—­ëŒ€ê¸‰,0.919,ai_analyzed,2025-12-31 16:08:37.711000
69539f68b22dbb67a119d27c,ì‹œì³‡ë§,-0.635,ai_analyzed,2025-12-31 16:08:37.727000
69539f68b22dbb67a119d27d,ìŒ€ë‚˜ë¬´,0.523,ai_analyzed,2025-12-31 16:08:37.744000
69539f68b22dbb67a119d27e,ì•„ë¬´ê²ƒë„ ì•ˆí•˜ê³  ì‹¶ë‹¤,-0.992,ai_analyzed,2025-12-31 16:08:37.762000
69539f68b22dbb67a119d27f,ìˆ˜ì €,-0.679,ai_analyzed,2025-12-31 16:08:37.776000
69539f68b22dbb67a119d280,ì‹ ì˜ í•œ ìˆ˜,0.95,ai_analyzed,2025-12-31 16:08:37.794000
69539f68b22dbb67a119d281,ì–´ëœ©í–‰,-0.908,ai_analyzed,2025-12-31 16:08:37.813000
69539f68b22dbb67a119d282,ì–¼ë§ˆê¹Œì§€ ì•Œì•„ë³´ê³  ì˜¤ì…¨ì–´ìš”?,-0.997,ai_analyzed,2025-12-31 16:08:37.832000
69539f68b22dbb67a119d283,ì‹¬ì¿µ,0.98,ai_analyzed,2025-12-31 16:08:37.845000
69539f68b22dbb67a119d284,ì•„ì‹œë°œê¿ˆ,0.972,ai_analyzed,2025-12-31 16:08:37.859000
69539f68b22dbb67a119d285,ì‹œì¦Œê¶Œ í™˜ë¶ˆí•©ë‹ˆë‹¤,-0.991,ai_analyzed,2025-12-31 16:08:37.877000
69539f68b22dbb67a119d286,ì•„ì¬,-0.875,ai_analyzed,2025-12-31 16:08:37.894000
69539f68b22dbb67a119d287,ì•Œë°”í…ŒëŸ¬,-0.98,ai_analyzed,2025-12-31 16:08:37.908000
69539f68b22dbb67a119d288,ì•…ì„± ê°œì¸íŒ¬,-0.947,ai_analyzed,2025-12-31 16:08:37.922000
69539f68b22dbb67a119d289,ì•„ë””ì˜¤ìŠ¤,0.871,ai_analyzed,2025-12-31 16:08:37.940000
69539f68b22dbb67a119d28a,ì•¼ ê°œ ì§–ëŠ” ì†Œë¦¬ ì¢€ ì•ˆ ë‚˜ê²Œ í•˜ë¼,-0.99,ai_analyzed,2025-12-31 16:08:37.959000
69539f68b22dbb67a119d28b,ì˜¬í•´ëŠ” ë‹¤ë¥´ë‹¤,0.886,ai_analyzed,2025-12-31 16:08:37.975000
69539f68b22dbb67a119d28c,ìˆ˜í•™í•˜ëŠ” ë†ˆë“¤,-0.716,ai_analyzed,2025-12-31 16:08:37.994000
69539f68b22dbb67a119d28d,ì—¬ì‹œ ëª» ìƒì–´ ë¯¼ì£¼ì£¼ì˜ ëª» ìƒì–´ ë‚˜ëŠ” ëŒ€í•œë¯¼êµ­ ëª» ìƒì–´,0.894,ai_analyzed,2025-12-31 16:08:38.011000
69539f68b22dbb67a119d28e,ì‹±í¬ë¡œìœ¨,0.986,ai_analyzed,2025-12-31 16:08:38.026000
69539f68b22dbb67a119d28f,ì”¨ë°œ ê¹ì¹˜ì§€ë§ˆ,-0.995,ai_analyzed,2025-12-31 16:08:38.044000
69539f68b22dbb67a119d290,ì˜¤ë•ë ¥,-0.967,ai_analyzed,2025-12-31 16:08:38.061000
69539f68b22dbb67a119d291,ì—¬ëŸ¬ë¶„ì€ ì†í¥ë¯¼ íŒ¬ì´ì—ìš”. í† íŠ¸ë„˜ íŒ¬ ì•„ë‹ˆì—ìš”,-0.794,ai_analyzed,2025-12-31 16:08:38.081000
69539f68b22dbb67a119d292,ì•„ë‹ˆ ì—†ì–´ìš” ê·¸ëƒ¥,-0.988,ai_analyzed,2025-12-31 16:08:38.098000
69539f68b22dbb67a119d293,ì—‰ëœ¨,-0.977,ai_analyzed,2025-12-31 16:08:38.111000
69539f68b22dbb67a119d294,ì–´ê¹¨ë¹µ,-0.981,ai_analyzed,2025-12-31 16:08:38.127000
69539f68b22dbb67a119d295,ì—„í¬,0.941,ai_analyzed,2025-12-31 16:08:38.144000
69539f68b22dbb67a119d296,ì–´ì„œ ì™€,-0.768,ai_analyzed,2025-12-31 16:08:38.159000
69539f68b22dbb67a119d297,ì—¬ë¦„ì´ì—ˆë‹¤,0.622,ai_analyzed,2025-12-31 16:08:38.176000
69539f68b22dbb67a119d298,ì—„ì¤€ì‹(ì¸í„°ë„· ë°ˆ),-0.528,ai_analyzed,2025-12-31 16:08:38.190000
69539f68b22dbb67a119d299,ì‹œëŒ€ì™€ ê³µê°„ì„ ì´ˆì›”í•œ ì• ë“œë¦½,0.904,ai_analyzed,2025-12-31 16:08:38.205000
69539f68b22dbb67a119d29a,ì—­ì²´,-0.763,ai_analyzed,2025-12-31 16:08:38.222000
69539f68b22dbb67a119d29b,ì•„ì•„,-0.434,ai_analyzed,2025-12-31 16:08:38.236000
69539f68b22dbb67a119d29c,ì•„ë¬´ ë§ ëŒ€ì”ì¹˜,-0.997,ai_analyzed,2025-12-31 16:08:38.251000
69539f68b22dbb67a119d29d,ì•¼ë¥´,-0.535,ai_analyzed,2025-12-31 16:08:38.268000
69539f68b22dbb67a119d29e,ì•¼í˜¸ ë‚˜ëŠ” ëŒ€ê´€ë ¹ì´ ì¢‹ì•„,0.641,ai_analyzed,2025-12-31 16:08:38.286000
69539f68b22dbb67a119d29f,ì˜¤ì§•ì–´(ì€ì–´),-0.933,ai_analyzed,2025-12-31 16:08:38.301000
69539f68b22dbb67a119d2a0,ìŠˆí¬ë¦¼,0.679,ai_analyzed,2025-12-31 16:08:38.319000
69539f68b22dbb67a119d2a1,ì‹±ê¸€ë§˜ì€ ~ê°€ í•„ìš”í•´ìš”,0.952,ai_analyzed,2025-12-31 16:08:38.338000
69539f68b22dbb67a119d2a2,ì‹ìƒ¤,0.093,ai_analyzed,2025-12-31 16:08:38.353000
69539f68b22dbb67a119d2a3,ì•„ë¹ ëŠ” ì›¬ë§Œí•´ì„œ ëˆˆë¬¼ì´ ì•ˆ ë‚˜ëŠ” ì‚¬ëŒì¸ë° ëˆˆë¬¼ì´ ë‚˜ì˜¤ë„¤,-0.416,ai_analyzed,2025-12-31 16:08:38.373000
69539f68b22dbb67a119d2a4,ì—ëª¬,0.403,ai_analyzed,2025-12-31 16:08:38.390000
69539f68b22dbb67a119d2a5,ì—¬ì„±í–¥,0.436,ai_analyzed,2025-12-31 16:08:38.404000
69539f68b22dbb67a119d2a6,ì™„ì†Œ,0.993,ai_analyzed,2025-12-31 16:08:38.419000
69539f68b22dbb67a119d2a7,ì–´ì°¨í”¼ ìš°ìŠ¹ì€ ì†¡ë¯¼í˜¸,-0.915,ai_analyzed,2025-12-31 16:08:38.435000
69539f68b22dbb67a119d2a8,ì˜¤ëŠ˜ë„ í‰í™”ë¡œìš´ ì¤‘ê³ ë‚˜ë¼,-0.666,ai_analyzed,2025-12-31 16:08:38.451000
69539f68b22dbb67a119d2a9,ì•„ê°€ë¦¬ íŒŒì´í„°,-0.973,ai_analyzed,2025-12-31 16:08:38.465000
69539f68b22dbb67a119d2aa,ì˜³ê²Œ ëœ ë‚˜ë¼,0.806,ai_analyzed,2025-12-31 16:08:38.484000
69539f68b22dbb67a119d2ab,ì•„ ì•ˆë¼,-0.846,ai_analyzed,2025-12-31 16:08:38.501000
69539f68b22dbb67a119d2ac,ì–¼êµ´ì²œì¬,-0.797,ai_analyzed,2025-12-31 16:08:38.516000
69539f68b22dbb67a119d2ad,ì•…ë§ˆì˜ í¸ì§‘,0.032,ai_analyzed,2025-12-31 16:08:38.533000
69539f68b22dbb67a119d2ae,ì–´ë””ì—ë‹¤ ëŒ€ê³  ì‹ ì„±í•œ ìš°ë¦¬ ì˜í•´ì— ë¶ˆì§ˆì´ì•¼,-0.996,ai_analyzed,2025-12-31 16:08:38.549000
69539f68b22dbb67a119d2af,ì‹œì›”ë“œ,-0.967,ai_analyzed,2025-12-31 16:08:38.567000
69539f68b22dbb67a119d2b0,ì•Œë ‰ìŠ¤ ì­ìŠ¨(í”„ë¡œê²Œì´ë¨¸),-0.106,ai_analyzed,2025-12-31 16:08:38.585000
69539f68b22dbb67a119d2b1,ì•ˆê²½ë¹¨,-0.975,ai_analyzed,2025-12-31 16:08:38.604000
69539f68b22dbb67a119d2b2,ì—¬ë³´! ì•„ë²„ë‹˜ ëŒì— ë³´ì¼ëŸ¬ ë†“ì•„ ë“œë ¤ì•¼ê² ì–´ìš”.,0.816,ai_analyzed,2025-12-31 16:08:38.621000
69539f68b22dbb67a119d2b3,ì˜ì›…ì€ ê³µë¶€ ë”°ì› ì•ˆ í•œë‹¤ë„¤,-0.207,ai_analyzed,2025-12-31 16:08:38.638000
69539f68b22dbb67a119d2b4,ì••ìˆ˜,-0.875,ai_analyzed,2025-12-31 16:08:38.657000
69539f68b22dbb67a119d2b5,ì©ì†Œ,-0.986,ai_analyzed,2025-12-31 16:08:38.674000
69539f68b22dbb67a119d2b6,ì—´ë°›ë‹¤,-0.771,ai_analyzed,2025-12-31 16:08:38.690000
69539f68b22dbb67a119d2b7,ì˜¬ë¼ê°ˆ íŒ€ì€ ì˜¬ë¼ê°„ë‹¤/ì˜ˆì‹œ,0.131,ai_analyzed,2025-12-31 16:08:38.707000
69539f68b22dbb67a119d2b8,ì•™ë”±ì •,0.88,ai_analyzed,2025-12-31 16:08:38.725000
69539f68b22dbb67a119d2b9,ì•„ëŠ” ë§Œí¼ ë³´ì¸ë‹¤,0.997,ai_analyzed,2025-12-31 16:08:38.737000
69539f68b22dbb67a119d2ba,ìŠ¬ë¼ì„ ìŠ¤íƒ€ì¼,-0.925,ai_analyzed,2025-12-31 16:08:38.754000
69539f68b22dbb67a119d2bb,ì• ë‹ˆí”„ì‚¬,0.871,ai_analyzed,2025-12-31 16:08:38.770000
69539f68b22dbb67a119d2bc,ì–¼ë§ˆë‚˜ ìŠ¬í¼í•˜ì‹œê² ì–´ìš”,-0.888,ai_analyzed,2025-12-31 16:08:38.788000
69539f68b22dbb67a119d2bd,ì–´ë¨¸! ì €ê±´! ì‚¬ì•¼í•´~,0.794,ai_analyzed,2025-12-31 16:08:38.806000
69539f68b22dbb67a119d2be,ì–˜ê°ˆ,-0.987,ai_analyzed,2025-12-31 16:08:38.823000
69539f68b22dbb67a119d2bf,ì‹ ë°•í•˜ë‹¤,-0.986,ai_analyzed,2025-12-31 16:08:38.841000
69539f68b22dbb67a119d2c0,ì‹¤ì‹œê°„ìœ¼ë¡œ ìƒí™©ì„ ì§€ì¼œë³´ëŠ” ë¹„ì™€ì´,0.99,ai_analyzed,2025-12-31 16:08:38.857000
69539f68b22dbb67a119d2c1,ì‹œê³µê°„ì´ ì˜¤ê·¸ë¼ë“ ë‹¤!,-0.993,ai_analyzed,2025-12-31 16:08:38.872000
69539f68b22dbb67a119d2c2,ì•Œì•˜ìœ¼ë©´ ê³µë²”ì´ê³  ëª°ëìœ¼ë©´ ë¬´ëŠ¥ì´ë‹¤,-0.134,ai_analyzed,2025-12-31 16:08:38.890000
69539f68b22dbb67a119d2c3,ì—ë¡œë™ì¸ì§€ì²˜ëŸ¼,-0.902,ai_analyzed,2025-12-31 16:08:38.905000
69539f68b22dbb67a119d2c4,ì¸íŠ€,-0.663,ai_analyzed,2025-12-31 16:08:38.918000
69539f68b22dbb67a119d2c5,ìŠ¤íŠœí•,0.467,ai_analyzed,2025-12-31 16:08:38.935000
69539f68b22dbb67a119d2c6,ì–´ë¥¸ë“¤ì€ ë§ì´ ì•ˆ í†µí•œë‹¤,-0.392,ai_analyzed,2025-12-31 16:08:38.954000
69539f68b22dbb67a119d2c7,ì˜¬ë¼ê°ˆ íŒ€ì€ ì˜¬ë¼ê°„ë‹¤/ì˜ˆì‹œ/ì•¼êµ¬,0.642,ai_analyzed,2025-12-31 16:08:38.972000
69539f68b22dbb67a119d2c8,ì‹±ê¸€ë²™ê¸€,0.036,ai_analyzed,2025-12-31 16:08:38.987000
69539f68b22dbb67a119d2c9,ì˜¬ã…‹,0.982,ai_analyzed,2025-12-31 16:08:39.001000
69539f68b22dbb67a119d2ca,ì˜†ê·¸ë ˆì´ë“œ,-0.966,ai_analyzed,2025-12-31 16:08:39.016000
69539f68b22dbb67a119d2cb,ì•„ë†”,-0.83,ai_analyzed,2025-12-31 16:08:39.034000
69539f68b22dbb67a119d2cc,ì•„ì›ƒ ì˜¤ë¸Œ ì•ˆì¤‘,-0.974,ai_analyzed,2025-12-31 16:08:39.050000
69539f68b22dbb67a119d2cd,ì˜¤ë©”ê°€ë‚¨,0.995,ai_analyzed,2025-12-31 16:08:39.066000
69539f68b22dbb67a119d2ce,ì˜¨í’ê¸°,-0.954,ai_analyzed,2025-12-31 16:08:39.081000
69539f68b22dbb67a119d2cf,ì—­ì¬ìƒ ë“œë¦½,-0.975,ai_analyzed,2025-12-31 16:08:39.097000
69539f68b22dbb67a119d2d0,ì–´ë§ˆë¬´ì‹œí•˜ë‹¤,-0.994,ai_analyzed,2025-12-31 16:08:39.111000
69539f68b22dbb67a119d2d1,ì–´ëœí‚¤ë“œ,-0.941,ai_analyzed,2025-12-31 16:08:39.126000
69539f68b22dbb67a119d2d2,ì˜¤ë˜ì¹´ì§€,0.446,ai_analyzed,2025-12-31 16:08:39.141000
69539f68b22dbb67a119d2d3,ì•ˆ ë´ë„ ë¹„ë””ì˜¤,-0.997,ai_analyzed,2025-12-31 16:08:39.157000
69539f68b22dbb67a119d2d4,ì—½ê¸°,-0.9,ai_analyzed,2025-12-31 16:08:39.170000
69539f68b22dbb67a119d2d5,ì‹ ê³ ë“œë¦½,0.773,ai_analyzed,2025-12-31 16:08:39.186000
69539f68b22dbb67a119d2d6,ì–¼ë‹¤ì´,-0.209,ai_analyzed,2025-12-31 16:08:39.201000
69539f68b22dbb67a119d2d7,ì•„ì§ ëª¨ë¥¸ë‹¤,-0.868,ai_analyzed,2025-12-31 16:08:39.214000
69539f68b22dbb67a119d2d8,ì‹ ë„ ë¶€ì²˜ë„ ì—†ë‹¨ ë§ì¸ê°€,0.92,ai_analyzed,2025-12-31 16:08:39.228000
69539f68b22dbb67a119d2d9,ì™œì£ ,-0.939,ai_analyzed,2025-12-31 16:08:39.245000
69539f68b22dbb67a119d2da,ì•„ë¦„ë‹¤ìš´ ì¶•êµ¬ í–ˆì–ì•„,0.971,ai_analyzed,2025-12-31 16:08:39.262000
69539f68b22dbb67a119d2db,ì™œ ì•ˆ ê±°ë˜ìš”,-0.341,ai_analyzed,2025-12-31 16:08:39.280000
69539f68b22dbb67a119d2dc,"ìœ„ ì•„ ë²— ë©˜, ë½!",0.969,ai_analyzed,2025-12-31 16:08:39.298000
69539f68b22dbb67a119d2dd,ì¸ë¥˜ì• ë°•ì‚´,0.979,ai_analyzed,2025-12-31 16:08:39.315000
69539f68b22dbb67a119d2de,ìœ ì „ë¬´ì£„ ë¬´ì „ìœ ì£„,-0.818,ai_analyzed,2025-12-31 16:08:39.332000
69539f68b22dbb67a119d2df,ì¸ì •,0.829,ai_analyzed,2025-12-31 16:08:39.346000
69539f68b22dbb67a119d2e0,ì§€êµ¬ ë¿Œì…”,-0.697,ai_analyzed,2025-12-31 16:08:39.365000
69539f68b22dbb67a119d2e1,ì§‘ë‹¨ í™”ë³‘,-0.972,ai_analyzed,2025-12-31 16:08:39.383000
69539f68b22dbb67a119d2e2,"ì°¸ìœ¼ë©´ ìœ¤ ì¼ë³‘, ëª» ì°¸ìœ¼ë©´ ì„ ë³‘ì¥",-0.838,ai_analyzed,2025-12-31 16:08:39.402000
69539f68b22dbb67a119d2e3,ìœ ì¾Œí•œ ë°˜ë€,0.995,ai_analyzed,2025-12-31 16:08:39.419000
69539f68b22dbb67a119d2e4,ì¢‹ì€ XXì€/ëŠ” ì£½ì€ XX,-0.973,ai_analyzed,2025-12-31 16:08:39.436000
69539f68b22dbb67a119d2e5,ì§ˆì†Œê³¼ì,-0.981,ai_analyzed,2025-12-31 16:08:39.450000
69539f68b22dbb67a119d2e6,ìš°ë¦¬ì•„ë“¤ì¹œêµ¬,0.944,ai_analyzed,2025-12-31 16:08:39.465000
69539f68b22dbb67a119d2e7,ì§±ì§±ë§¨,0.96,ai_analyzed,2025-12-31 16:08:39.480000
69539f68b22dbb67a119d2e8,ì¡°ì‘ë“œë¦½,-0.994,ai_analyzed,2025-12-31 16:08:39.495000
69539f68b22dbb67a119d2e9,ì…(ìœ í–‰ì–´),-0.76,ai_analyzed,2025-12-31 16:08:39.512000
69539f68b22dbb67a119d2ea,ìœ ë ˆì¹´,0.998,ai_analyzed,2025-12-31 16:08:39.526000
69539f68b22dbb67a119d2eb,ìš´ë™ì¹˜,-0.992,ai_analyzed,2025-12-31 16:08:39.545000
69539f68b22dbb67a119d2ec,ì´ê²Œ ë¶ˆë‚™ì´ì•¼?,-0.948,ai_analyzed,2025-12-31 16:08:39.564000
69539f68b22dbb67a119d2ed,ì§€ë‚˜ê°€ë˜ â—‹â—‹â—‹,0.892,ai_analyzed,2025-12-31 16:08:39.581000
69539f68b22dbb67a119d2ee,ì›ì˜ì  ì‚¬ê³ ,0.918,ai_analyzed,2025-12-31 16:08:39.596000
69539f68b22dbb67a119d2ef,ì©ë²Œ,-0.68,ai_analyzed,2025-12-31 16:08:39.613000
69539f68b22dbb67a119d2f0,ì›ì¸„,0.955,ai_analyzed,2025-12-31 16:08:39.631000
69539f68b22dbb67a119d2f1,ì „íˆ¬ì¢…ì¡±,-0.602,ai_analyzed,2025-12-31 16:08:39.648000
69539f68b22dbb67a119d2f2,ì¸ìƒì˜ ì§„ë¦¬,0.996,ai_analyzed,2025-12-31 16:08:39.664000
69539f68b22dbb67a119d2f3,ì´ê²Œ XXëƒ,-0.995,ai_analyzed,2025-12-31 16:08:39.683000
69539f68b22dbb67a119d2f4,ì¢†ì¤‘ê³ ë”©,-0.991,ai_analyzed,2025-12-31 16:08:39.699000
69539f68b22dbb67a119d2f5,ìˆì—ˆëŠ”ë°ìš” ì—†ì—ˆìŠµë‹ˆë‹¤,-0.952,ai_analyzed,2025-12-31 16:08:39.717000
69539f68b22dbb67a119d2f6,ìì¶œì¡±,-0.978,ai_analyzed,2025-12-31 16:08:39.732000
69539f68b22dbb67a119d2f7,ì´ì¼€ë©˜,-0.969,ai_analyzed,2025-12-31 16:08:39.749000
69539f68b22dbb67a119d2f8,ì¸í„°ë„· ìš©ì–´,-0.771,ai_analyzed,2025-12-31 16:08:39.767000
69539f68b22dbb67a119d2f9,ìœ í–‰ì–´,0.152,ai_analyzed,2025-12-31 16:08:39.785000
69539f68b22dbb67a119d2fa,ì¬ì§ˆ,-0.971,ai_analyzed,2025-12-31 16:08:39.801000
69539f68b22dbb67a119d2fb,ì¸ìƒìƒ·,0.996,ai_analyzed,2025-12-31 16:08:39.817000
69539f68b22dbb67a119d2fc,ì¼ë°˜í™”,-0.834,ai_analyzed,2025-12-31 16:08:39.830000
69539f68b22dbb67a119d2fd,ìš”ì¦˜ MZì„¸ëŒ€ì—ì„œ ìƒˆë¡­ê²Œ ë– ì˜¤ë¥´ê³  ìˆë‹¤ëŠ” ì‹ ì¡°ì–´,0.943,ai_analyzed,2025-12-31 16:08:39.846000
69539f68b22dbb67a119d2fe,ìš°ë¦¬ë“¤ ê°€ìš´ë° ìŠ¤íŒŒì´ê°€ ìˆëŠ” ê²ƒ ê°™ì•„,0.876,ai_analyzed,2025-12-31 16:08:39.861000
69539f68b22dbb67a119d2ff,ì €ë†ˆ ì¡ì•„ë¼!,0.664,ai_analyzed,2025-12-31 16:08:39.879000
69539f68b22dbb67a119d300,ì°¸ìœ¼ì„¸ìš” ë¯¸ë…¸íƒ€êµ°,-0.984,ai_analyzed,2025-12-31 16:08:39.898000
69539f68b22dbb67a119d301,ìš•ë°°í‹€,-0.934,ai_analyzed,2025-12-31 16:08:39.915000
69539f68b22dbb67a119d302,ì§œì¹˜ë‹¤,-0.982,ai_analyzed,2025-12-31 16:08:39.928000
69539f68b22dbb67a119d303,ì •ëª½ê·œ ë‚˜ê°€,-0.968,ai_analyzed,2025-12-31 16:08:39.945000
69539f68b22dbb67a119d304,ì¤‘ë‹¤ì´ì¡´,0.284,ai_analyzed,2025-12-31 16:08:39.961000
69539f68b22dbb67a119d305,ìì˜ ë°˜ íƒ€ì˜ ë°˜,-0.981,ai_analyzed,2025-12-31 16:08:39.979000
69539f68b22dbb67a119d306,ìš”ì¦˜ ì Šì€ ê²ƒë“¤ì€ ë²„ë¦‡ì´ ì—†ë‹¤,-0.976,ai_analyzed,2025-12-31 16:08:39.997000
69539f68b22dbb67a119d307,ìš¸ì—ˆìŠµë‹ˆë‹¤,0.926,ai_analyzed,2025-12-31 16:08:40.012000
69539f68b22dbb67a119d308,ì¸ì‹¸ê³µì •,-0.98,ai_analyzed,2025-12-31 16:08:40.030000
69539f68b22dbb67a119d309,ìœ ë ¹ ì§ì—…,-0.979,ai_analyzed,2025-12-31 16:08:40.048000
69539f68b22dbb67a119d30a,ì¢…ê²°ì,-0.988,ai_analyzed,2025-12-31 16:08:40.061000
69539f68b22dbb67a119d30b,ì´ë§ì‚¼ì´ˆ,-0.581,ai_analyzed,2025-12-31 16:08:40.079000
69539f68b22dbb67a119d30c,ì°Œë¶€,0.426,ai_analyzed,2025-12-31 16:08:40.096000
69539f68b22dbb67a119d30d,ìë°•ê¼¼,-0.994,ai_analyzed,2025-12-31 16:08:40.109000
69539f68b22dbb67a119d30e,ì¸ì‹¸í”½/ì• ë‹ˆë©”ì´ì…˜,-0.868,ai_analyzed,2025-12-31 16:08:40.126000
69539f68b22dbb67a119d30f,ì² êµ¬(ì¸í„°ë„· ë°©ì†¡ì¸)/ìœ í–‰ì–´ì™€ ê´€ìš©ì–´,-0.84,ai_analyzed,2025-12-31 16:08:40.147000
69539f68b22dbb67a119d310,ì£¼ì–´ëŠ” ì—†ë‹¤,0.949,ai_analyzed,2025-12-31 16:08:40.163000
69539f68b22dbb67a119d311,ì œì¡°ê¸°,0.64,ai_analyzed,2025-12-31 16:08:40.180000
69539f68b22dbb67a119d312,ì  ì§€ìŠ¤í…Œì–´,0.652,ai_analyzed,2025-12-31 16:08:40.197000
69539f68b22dbb67a119d313,ì „ë¯¸ê°€ ìš¸ì—ˆë‹¤,0.992,ai_analyzed,2025-12-31 16:08:40.214000
69539f68b22dbb67a119d314,ì˜ì‹ì˜ íë¦„,0.989,ai_analyzed,2025-12-31 16:08:40.231000
69539f68b22dbb67a119d315,ì¤‘ìš”í•˜ë‹ˆê¹Œ ë‘ ë²ˆ ë§í–ˆìŠµë‹ˆë‹¤,-0.953,ai_analyzed,2025-12-31 16:08:40.249000
69539f68b22dbb67a119d316,ì›ƒí”„ë‹¤,0.931,ai_analyzed,2025-12-31 16:08:40.265000
69539f68b22dbb67a119d317,ì¸ìê°•,-0.476,ai_analyzed,2025-12-31 16:08:40.280000
69539f68b22dbb67a119d318,ì´ë¶ˆí‚¥,-0.808,ai_analyzed,2025-12-31 16:08:40.299000
69539f68b22dbb67a119d319,ì¸ìƒê²Œì„,0.997,ai_analyzed,2025-12-31 16:08:40.315000
69539f68b22dbb67a119d31a,ìœ ì²´ì´íƒˆ í™”ë²•,-0.997,ai_analyzed,2025-12-31 16:08:40.332000
69539f68b22dbb67a119d31b,ì¼ë¶€ ì´ë‹¨,-0.295,ai_analyzed,2025-12-31 16:08:40.350000
69539f68b22dbb67a119d31c,ìœ¼ì•™ ì£½ìŒ,0.235,ai_analyzed,2025-12-31 16:08:40.366000
69539f68b22dbb67a119d31d,ìœ„ ê³  ë…¸ë¦¬ì¹˜,0.781,ai_analyzed,2025-12-31 16:08:40.385000
69539f68b22dbb67a119d31e,ìš°ë¦° ì•ˆë  ê±°ì•¼ ì•„ë§ˆ,-0.942,ai_analyzed,2025-12-31 16:08:40.403000
69539f68b22dbb67a119d31f,ì œë°œ í•œêµ­ì¸ì´ë©´ ë§¨ìœ ì¢€ì‘ì›í•©ì‹œë‹¤,0.922,ai_analyzed,2025-12-31 16:08:40.423000
69539f68b22dbb67a119d320,ì°©í•œ ìš°ìµ,0.984,ai_analyzed,2025-12-31 16:08:40.439000
69539f68b22dbb67a119d321,ì¡Œì§€ë§Œ ì˜ ì‹¸ì› ë‹¤,0.627,ai_analyzed,2025-12-31 16:08:40.454000
69539f68b22dbb67a119d322,ì§œê²Œ ì‹ë‹¤,-0.97,ai_analyzed,2025-12-31 16:08:40.473000
69539f68b22dbb67a119d323,ì,-0.565,ai_analyzed,2025-12-31 16:08:40.487000
69539f68b22dbb67a119d324,ìš°ë¦¬ ì—…ê³„ì—ì„œëŠ” í¬ìƒì…ë‹ˆë‹¤,0.489,ai_analyzed,2025-12-31 16:08:40.504000
69539f68b22dbb67a119d325,ì •ì‹ ìŠ¹ë¦¬,-0.978,ai_analyzed,2025-12-31 16:08:40.522000
69539f68b22dbb67a119d326,ìë„¤ê°€ ë‹¤ ë¨¹ì–´ë¶€ë €ì–´?,0.772,ai_analyzed,2025-12-31 16:08:40.540000
69539f68b22dbb67a119d327,ìš°ë™ì‚¬ë¦¬,-0.765,ai_analyzed,2025-12-31 16:08:40.556000
69539f68b22dbb67a119d328,ì´ ì§‘ ê³ ê¸° ë§›ìˆë„¤,-0.586,ai_analyzed,2025-12-31 16:08:40.574000
69539f68b22dbb67a119d329,ì¸ìƒì€ ì‹¤ì „ì´ì•¼ ì¢†ë§Œì•„,-0.572,ai_analyzed,2025-12-31 16:08:40.589000
69539f68b22dbb67a119d32a,ì§­ì°¬í˜¸,0.984,ai_analyzed,2025-12-31 16:08:40.607000
69539f68b22dbb67a119d32b,ìì„¸íˆ ë³´ê¸°ë¥¼ ëˆ„ë¥´ì§€ ë§ˆì‹­ì‹œì˜¤,-0.552,ai_analyzed,2025-12-31 16:08:40.625000
69539f68b22dbb67a119d32c,ì´ê²ƒ ë­ì—ìš”?,-0.995,ai_analyzed,2025-12-31 16:08:40.640000
69539f68b22dbb67a119d32d,ìœ¼ë¦¬,-0.03,ai_analyzed,2025-12-31 16:08:40.656000
69539f68b22dbb67a119d32e,ìœ„ê¼´ì‚¬,0.159,ai_analyzed,2025-12-31 16:08:40.673000
69539f68b22dbb67a119d32f,ì‘ ì•„ë‹ˆì•¼,-0.971,ai_analyzed,2025-12-31 16:08:40.690000
69539f68b22dbb67a119d330,ì´ìŠ¹ì—½ ì™€ë„ ìë¦¬ ì—†ë‹¤,-0.994,ai_analyzed,2025-12-31 16:08:40.707000
69539f68b22dbb67a119d331,ì²˜ë¬µì²˜ë¬µ,-0.984,ai_analyzed,2025-12-31 16:08:40.725000
69539f68b22dbb67a119d332,ì°°ì§€ë‹¤,0.958,ai_analyzed,2025-12-31 16:08:40.742000
69539f68b22dbb67a119d333,ì´ ë¶„ ì£½ì—ˆë‹¤ê³  í•©ë‹ˆë‹¤. ê¸€ ë‚´ë ¤ì£¼ì„¸ìš”.,-0.994,ai_analyzed,2025-12-31 16:08:40.758000
69539f68b22dbb67a119d334,ì¸ì‹¸ê°œê·¸,-0.638,ai_analyzed,2025-12-31 16:08:40.772000
69539f68b22dbb67a119d335,ìœ ë¦¬ë©˜íƒˆ,-0.983,ai_analyzed,2025-12-31 16:08:40.788000
69539f68b22dbb67a119d336,ìš°ë¦¬ì˜ í•µì‹¬ ëª©í‘œëŠ” ì´ê²ƒì´ë‹¤,0.96,ai_analyzed,2025-12-31 16:08:40.806000
69539f68b22dbb67a119d337,ì´ëª…ë°•ì€ ë°°ê³ í”•ë‹ˆë‹¤,0.256,ai_analyzed,2025-12-31 16:08:40.824000
69539f68b22dbb67a119d338,ì¤‘2ë³‘/ì–‘ìƒ,0.012,ai_analyzed,2025-12-31 16:08:40.841000
69539f68b22dbb67a119d339,ì˜ë¬¸ì˜ 1ìŠ¹,-0.992,ai_analyzed,2025-12-31 16:08:40.856000
69539f68b22dbb67a119d33a,ì£½ëŒì´Â·ì£½ìˆœì´,-0.975,ai_analyzed,2025-12-31 16:08:40.874000
69539f68b22dbb67a119d33b,ì›¬ì—´,-0.348,ai_analyzed,2025-12-31 16:08:40.891000
69539f68b22dbb67a119d33c,ì¸ì‹¸í”½/ì• ë‹ˆë©”ì´ì…˜/ë¬¸ì œì ,-0.98,ai_analyzed,2025-12-31 16:08:40.908000
69539f68b22dbb67a119d33d,ì €ë…í˜• ì¸ê°„,0.519,ai_analyzed,2025-12-31 16:08:40.922000
69539f68b22dbb67a119d33e,í•˜í•˜í•˜ ì´ë…€ì„ í•˜í•˜í•˜,0.808,ai_analyzed,2025-12-31 16:08:40.939000
69539f68b22dbb67a119d33f,í”„ë¡œë¶ˆì°¸ëŸ¬,-0.915,ai_analyzed,2025-12-31 16:08:40.958000
69539f68b22dbb67a119d340,í˜¸ê°±,-0.995,ai_analyzed,2025-12-31 16:08:40.971000
69539f68b22dbb67a119d341,í‘ì—­ì‚¬,-0.986,ai_analyzed,2025-12-31 16:08:40.988000
69539f68b22dbb67a119d342,íŒíƒ€ìŠ¤í‹±,0.918,ai_analyzed,2025-12-31 16:08:41.003000
69539f68b22dbb67a119d343,ì¶©ê²©ê³¼ ê³µí¬ë‹¤ ê·¸ì§€ ê¹½ê¹½ì´ë“¤ì•„,-0.997,ai_analyzed,2025-12-31 16:08:41.024000
69539f68b22dbb67a119d344,í•œêµ­ì—ì„œ ë¯¼ì£¼ì£¼ì˜ë¥¼ ê¸°ëŒ€í•˜ëŠ” ê²ƒì€ ì“°ë ˆê¸°í†µì—ì„œ ì¥ë¯¸ê½ƒì´ í”¼ê¸°ë¥¼ ë°”ë¼ëŠ” ê²ƒê³¼ ê°™ë‹¤,0.159,ai_analyzed,2025-12-31 16:08:41.044000
69539f68b22dbb67a119d345,í—¬ê²Œì´íŠ¸,-0.993,ai_analyzed,2025-12-31 16:08:41.061000
69539f68b22dbb67a119d346,í•œë¥˜ìœ í–‰ì–´,0.978,ai_analyzed,2025-12-31 16:08:41.079000
69539f68b22dbb67a119d347,í˜„ê¸°ì¦ ë‚œë‹¨ ë§ì´ì—ìš”,0.974,ai_analyzed,2025-12-31 16:08:41.095000
69539f68b22dbb67a119d348,í˜¼ëˆ! íŒŒê´´! ë§ê°€!,0.97,ai_analyzed,2025-12-31 16:08:41.110000
69539f68b22dbb67a119d349,í›™ì‚¼ë‹¤ì´,0.11,ai_analyzed,2025-12-31 16:08:41.126000
69539f68b22dbb67a119d34a,í¬ì•Œëª»,-0.841,ai_analyzed,2025-12-31 16:08:41.143000
69539f68b22dbb67a119d34b,ì½”í”¼í˜,-0.935,ai_analyzed,2025-12-31 16:08:41.157000
69539f68b22dbb67a119d34c,ì¶•êµ¬ì¥ì— ë¬¼ì±„ì›Œë¼,-0.914,ai_analyzed,2025-12-31 16:08:41.176000
69539f68b22dbb67a119d34d,í˜ë¯¸ë‹ˆì¦˜ì€ ì§€ëŠ¥ì˜ ë¬¸ì œ,-0.992,ai_analyzed,2025-12-31 16:08:41.193000
69539f68b22dbb67a119d34e,í•´ì ì–´,-0.635,ai_analyzed,2025-12-31 16:08:41.210000
69539f68b22dbb67a119d34f,íƒ€ì´ê±°ì¦ˆëŠ” ì–´ë–»ê²Œ ë‹¤ì‹œ ê°•íŒ€ì´ ë˜ì—ˆë‚˜,0.965,ai_analyzed,2025-12-31 16:08:41.223000
69539f68b22dbb67a119d350,íƒë°°ë“œë¦½,-0.992,ai_analyzed,2025-12-31 16:08:41.242000
69539f68b22dbb67a119d351,ì½”ë¦¬ì•„ë¶€,-0.226,ai_analyzed,2025-12-31 16:08:41.258000
69539f68b22dbb67a119d352,íƒˆì¡°ì„ ,-0.884,ai_analyzed,2025-12-31 16:08:41.276000
69539f68b22dbb67a119d353,í˜¸êµ¬(ìœ í–‰ì–´),-0.832,ai_analyzed,2025-12-31 16:08:41.294000
69539f68b22dbb67a119d354,í˜¸ë¡¤ë¡¤ë¡œ,-0.228,ai_analyzed,2025-12-31 16:08:41.311000
69539f68b22dbb67a119d355,í° ê·¸ë¦¼,0.246,ai_analyzed,2025-12-31 16:08:41.324000
69539f68b22dbb67a119d356,í˜¹ì‹œë‚˜ê°€ ì—­ì‹œë‚˜,-0.911,ai_analyzed,2025-12-31 16:08:41.338000
69539f68b22dbb67a119d357,í—¬ë¦¬ì½¥í„° ë¶€ëª¨,0.856,ai_analyzed,2025-12-31 16:08:41.356000
69539f68b22dbb67a119d358,í”¼í•´ì ì½”ìŠ¤í”„ë ˆ,-0.994,ai_analyzed,2025-12-31 16:08:41.369000
69539f68b22dbb67a119d359,í™” ë‚´ì§€ ë§ì•„ ë“¤ìœ¼ì‹­ì‹œì˜¤,-0.168,ai_analyzed,2025-12-31 16:08:41.386000
69539f68b22dbb67a119d35a,í›Œë¥­í•œ ëŒ€í™”ìˆ˜ë‹¨,0.985,ai_analyzed,2025-12-31 16:08:41.403000
69539f68b22dbb67a119d35b,í¥í–‰ë¬´ìƒˆ,0.717,ai_analyzed,2025-12-31 16:08:41.420000
69539f68b22dbb67a119d35c,ì¿ ì†Œ ìºë¦­í„°,-0.949,ai_analyzed,2025-12-31 16:08:41.437000
69539f68b22dbb67a119d35d,ì½”ì½”ë„¨ë„¤,0.972,ai_analyzed,2025-12-31 16:08:41.455000
69539f68b22dbb67a119d35e,í›ˆìˆ˜,-0.937,ai_analyzed,2025-12-31 16:08:41.472000
69539f68b22dbb67a119d35f,ìº¡,-0.851,ai_analyzed,2025-12-31 16:08:41.490000
69539f68b22dbb67a119d360,ì´›ë¶ˆì¢€ë¹„,0.871,ai_analyzed,2025-12-31 16:08:41.505000
69539f68b22dbb67a119d361,í˜¸ë°”ë°§,-0.456,ai_analyzed,2025-12-31 16:08:41.522000
69539f68b22dbb67a119d362,í•˜íƒœí•«íƒœ,-0.46,ai_analyzed,2025-12-31 16:08:41.539000
69539f68b22dbb67a119d363,í˜¼ì¡±,-0.942,ai_analyzed,2025-12-31 16:08:41.556000
69539f68b22dbb67a119d364,ì¹œêµ¬ë¹„,0.848,ai_analyzed,2025-12-31 16:08:41.572000
69539f68b22dbb67a119d365,íˆì—ì´ëŠ” ê·¸ëŸ° ë§ ì•ˆ í•´,-0.737,ai_analyzed,2025-12-31 16:08:41.589000
69539f68b22dbb67a119d366,í˜¸ìŒìƒˆ,0.885,ai_analyzed,2025-12-31 16:08:41.605000
69539f68b22dbb67a119d367,í•­ê³µìƒ·,-0.411,ai_analyzed,2025-12-31 16:08:41.622000
69539f68b22dbb67a119d368,í‘ì—¼ë£¡,-0.011,ai_analyzed,2025-12-31 16:08:41.637000
69539f68b22dbb67a119d369,ì¹¨ëŒ€ëŠ” ê³¼í•™ì…ë‹ˆë‹¤,0.577,ai_analyzed,2025-12-31 16:08:41.656000
69539f68b22dbb67a119d36a,í•™íƒˆ,0.8,ai_analyzed,2025-12-31 16:08:41.672000
69539f68b22dbb67a119d36b,í•œ ì…ë§Œ,-0.112,ai_analyzed,2025-12-31 16:08:41.688000
69539f68b22dbb67a119d36c,íŒŒë„ íŒŒë„ ê´´ë‹´,0.822,ai_analyzed,2025-12-31 16:08:41.704000
69539f68b22dbb67a119d36d,í™©í™€ì˜ ì–€ë°ë ˆ í¬ì¦ˆ,-0.944,ai_analyzed,2025-12-31 16:08:41.720000
69539f68b22dbb67a119d36e,í•„íŒ¨,-0.994,ai_analyzed,2025-12-31 16:08:41.737000
69539f68b22dbb67a119d36f,í˜ê¸°,-0.971,ai_analyzed,2025-12-31 16:08:41.752000
69539f68b22dbb67a119d370,ì½”ì™€ë¶•ê°€,-0.919,ai_analyzed,2025-12-31 16:08:41.769000
69539f68b22dbb67a119d371,íƒˆ(ì ‘ë‘ì‚¬),-0.691,ai_analyzed,2025-12-31 16:08:41.789000
69539f68b22dbb67a119d372,í—ˆì„¸ì€¼ì„¸í—ˆ,-0.994,ai_analyzed,2025-12-31 16:08:41.804000
69539f68b22dbb67a119d373,ìº£ ë ˆì´ë””,0.763,ai_analyzed,2025-12-31 16:08:41.818000
69539f68b22dbb67a119d374,íŠ¹ì´ì (ìœ í–‰ì–´),0.565,ai_analyzed,2025-12-31 16:08:41.834000
69539f68b22dbb67a119d375,í˜,-0.91,ai_analyzed,2025-12-31 16:08:41.851000
69539f68b22dbb67a119d376,í•œêµ­ì— íƒœì–´ë‚¬ìœ¼ë©´,0.927,ai_analyzed,2025-12-31 16:08:41.868000
69539f68b22dbb67a119d377,ì¹´ë¯¸ê²Œ,0.509,ai_analyzed,2025-12-31 16:08:41.883000
69539f68b22dbb67a119d378,ì¶”ì˜¤,0.389,ai_analyzed,2025-12-31 16:08:41.900000
69539f68b22dbb67a119d379,ì¿¨ë‚´,-0.177,ai_analyzed,2025-12-31 16:08:41.916000
69539f68b22dbb67a119d37a,í˜ë¯¸ë‹ˆì¦˜ì€ ëˆì´ ëœë‹¤,-0.805,ai_analyzed,2025-12-31 16:08:41.934000
69539f68b22dbb67a119d37b,ì¹´í”„ì£ ì‹œ,0.492,ai_analyzed,2025-12-31 16:08:41.953000
69539f68b22dbb67a119d37c,í›„ë“œ ë°ˆ,-0.912,ai_analyzed,2025-12-31 16:08:41.968000
69539f68b22dbb67a119d37d,í›ˆë‚¨,0.963,ai_analyzed,2025-12-31 16:08:41.986000
69539f68b22dbb67a119d37e,íˆ¬ì¡,-0.971,ai_analyzed,2025-12-31 16:08:41.998000
69539f68b22dbb67a119d37f,í—ˆëŠë‹˜,0.717,ai_analyzed,2025-12-31 16:08:42.013000
69539f68b22dbb67a119d380,í˜¸ëª¨ë‚˜ ì„¹ìƒì— ê²Œì´ë­ì•¼,-0.949,ai_analyzed,2025-12-31 16:08:42.031000
69539f68b22dbb67a119d381,í™©ì œì˜ ì‹ì‚¬,0.652,ai_analyzed,2025-12-31 16:08:42.049000
69539f68b22dbb67a119d382,íë¦° ëˆˆ,-0.205,ai_analyzed,2025-12-31 16:08:42.066000
69539f68b22dbb67a119d383,í•˜ë¼ëŠ” ê³µë¶€ëŠ” ì•ˆí•˜ê³ ,-0.98,ai_analyzed,2025-12-31 16:08:42.081000
69539f68b22dbb67a119d384,ì¼€ë¯¸(ìœ í–‰ì–´),0.895,ai_analyzed,2025-12-31 16:08:42.100000
69539f68b22dbb67a119d385,íŠ¸ëœìŠ¤XX,-0.983,ai_analyzed,2025-12-31 16:08:42.116000
69539f68b22dbb67a119d386,ì·¨ì†Œí•´ë¼ ë°©ê¸ˆ ê·¸ ë§,-0.996,ai_analyzed,2025-12-31 16:08:42.130000
